上位のクエリ,2024/03/04 - 2025/07/03 クリック数,2025/01/03 - 2025/04/03 クリック数,2024/03/04 - 2025/07/03 表示回数,2025/01/03 - 2025/04/03 表示回数,2024/03/04 - 2025/07/03 CTR,2025/01/03 - 2025/04/03 CTR,2024/03/04 - 2025/07/03 掲載順位,2025/01/03 - 2025/04/03 掲載順位
ウバッグ ロゴ隠し,617,101,1653,309,37.33%,32.69%,1.85,1.79
日本の面白いもの,365,99,3328,1439,10.97%,6.88%,4.04,4.78
福岡 国際交流 サークル,272,53,1177,269,23.11%,19.7%,4.02,4.58
ロゴ隠し ダイソー,208,48,896,145,23.21%,33.1%,1,1
ウーバーイーツ バッグ ロゴ 消し方,186,34,423,84,43.97%,40.48%,1.47,1.17
ウバッグ ロゴ隠し ダイソー,176,15,413,47,42.62%,31.91%,1,1
ヨッセンス 嫌い,158,18,509,63,31.04%,28.57%,1.23,1.1
ゲストハウス 日本人,138,15,319,52,43.26%,28.85%,1.04,1.08
出前館 バッグ ロゴ隠し,126,24,534,109,23.6%,22.02%,2.34,2.34
湾曲モニター デザイナー,119,32,300,72,39.67%,44.44%,3.79,3.61
ウーバーイーツ ロゴ隠し,109,12,425,84,25.65%,14.29%,2.53,2.4
空港出迎え ボード 書き方,76,14,1327,272,5.73%,5.15%,5.97,5.95
ウーバー ロゴ隠し,76,0,211,2,36.02%,0%,2.14,2
福岡 国際交流パーティー,61,5,511,105,11.94%,4.76%,5.91,8.61
ウーバーイーツ ロゴ隠し ステッカー,56,8,687,89,8.15%,8.99%,4.52,3.78
zuca キャリーバッグ 口コミ,51,9,1083,145,4.71%,6.21%,8.19,9.57
日本のおもしろいもの,44,11,784,272,5.61%,4.04%,5.48,6.38
カバン マジックテープ 改造,42,4,287,79,14.63%,5.06%,3.19,3.78
ノートパソコン スキンシール 自作,37,0,1772,350,2.09%,0%,4.19,4.26
外国人と交流できる場所 福岡,37,13,374,139,9.89%,9.35%,6.34,5.41
ウバッグ ロゴ隠し おしゃれ,34,4,432,84,7.87%,4.76%,1.54,1.29
バッグ ロゴ 隠す,33,2,304,50,10.86%,4%,1.72,1.86
うきは 白壁通り 駐車場,30,3,292,15,10.27%,20%,5.14,5.53
ナイロンバッグ ロゴ 消す,29,8,1076,210,2.7%,3.81%,4.13,3.54
うきは 白壁通り 観光,29,3,442,31,6.56%,9.68%,8.04,11.97
マジックテープ マグネット化,29,0,290,14,10%,0%,12.22,19.14
ウーバーイーツ バッグ ロゴ隠し,29,0,46,0,63.04%,0%,1.13,0
福岡 英語 交流,27,5,306,18,8.82%,27.78%,10.46,14.94
バッグ マジックテープ 改造,27,5,132,38,20.45%,13.16%,2.8,3.66
日本 面白いもの,26,10,440,241,5.91%,4.15%,6.5,7.19
トートバッグ ロゴ 隠す,25,0,993,123,2.52%,0%,3.68,2.78
日本の面白い物,25,9,212,112,11.79%,8.04%,3.02,3.26
外国人 泊める,25,0,157,0,15.92%,0%,3.45,0
福岡 国際交流 イベント,24,0,961,50,2.5%,0%,12.16,21.66
うきは 白壁通り 無料駐車場,24,11,352,141,6.82%,7.8%,4.87,4.28
ロゴ隠し ステッカー,23,4,1031,132,2.23%,3.03%,3.44,1.67
うきは市 白壁通り,23,0,469,2,4.9%,0%,9.03,33
癖のあるお酒,23,0,93,0,24.73%,0%,2.78,0
ズーカ スーツケース 口コミ,22,1,246,30,8.94%,3.33%,6.99,8.77
ウバッグ ロゴ隠し スプレー,20,6,332,68,6.02%,8.82%,5.15,5.99
auひかり 撤去工事 立会い,20,0,318,18,6.29%,0%,9.32,16
うきは白壁通り,19,0,279,2,6.81%,0%,8.15,13
髭 手入れ クリーム,19,0,268,14,7.09%,0%,12.6,28.21
湾曲モニター イラスト,19,0,222,6,8.56%,0%,9.3,24
スマフラ留学 口コミ,19,0,139,0,13.67%,0%,5.45,0
bb q20 キーボード bluetooth,18,3,225,12,8%,25%,15.8,18.25
癖の強い酒,17,0,65,0,26.15%,0%,2.75,0
ロゴ隠し,16,1,323,65,4.95%,1.54%,1.76,1.65
ウバッグ ロゴ 消し方,16,0,70,0,22.86%,0%,2.07,0
釜山 福岡 フェリー 格安,15,0,481,31,3.12%,0%,31.48,62.65
白壁通り 駐車場,15,6,335,83,4.48%,7.23%,6.62,6.14
うきは 白壁,15,0,298,5,5.03%,0%,10.06,33.2
吉井町 白壁通り 駐車場,14,0,307,0,4.56%,0%,5.47,0
ウバック マジックテープ,14,2,49,9,28.57%,22.22%,4.27,4.44
白壁通り うきは,13,0,521,0,2.5%,0%,9.12,0
うきは 白壁通り,13,0,278,3,4.68%,0%,7.94,12
リュック ロゴ 隠す,13,5,254,66,5.12%,7.58%,4.4,2.52
ウバッグ マグネット,13,0,42,0,30.95%,0%,1.95,0
海外の友達にプレゼント 送り方,12,1,814,30,1.47%,3.33%,9.16,12.2
ゲストハウス 貴重品,12,0,320,48,3.75%,0%,5.43,8.54
ヨッセンスクール,12,0,142,0,8.45%,0%,6.13,0
uber ロゴ隠し,12,0,27,0,44.44%,0%,1.15,0
おしゃれ ロゴ隠し,11,0,474,94,2.32%,0%,6.67,6.9
ヘナタトゥー 福岡,11,0,174,9,6.32%,0%,20.97,27.56
zuca 改造,11,2,156,18,7.05%,11.11%,11.49,16.72
ウバック マグネット,11,0,22,0,50%,0%,2.05,0
エスペラント語 ヤクルト,10,0,222,15,4.5%,0%,8.58,11.87
空港 出迎え ボード 書き方,10,2,191,34,5.24%,5.88%,5.79,5.76
大橋 カフェ 個室,10,0,115,7,8.7%,0%,11.24,10.43
カバン ロゴ 隠す,10,3,110,25,9.09%,12%,2.12,2.24
ランゲージエクスチェンジ 福岡,10,1,106,3,9.43%,33.33%,8.81,9.67
ウバッグ ロゴ隠し セリア,10,8,70,43,14.29%,18.6%,1.73,1.84
プロジェクター 白い布 代用,9,0,405,30,2.22%,0%,18.7,25.63
オーストラリア留学センター 評判,9,0,126,16,7.14%,0%,25.75,31.12
国際交流パーティー 福岡,9,0,82,0,10.98%,0%,8.68,0
エスペラント語 かっこいい単語,8,0,169,3,4.73%,0%,19.69,15
瞑想クッション ニトリ,8,0,164,13,4.88%,0%,11.41,16.23
バッグ ロゴ隠し,8,1,123,30,6.5%,3.33%,1.55,1.9
福岡 外国人 交流,7,0,290,23,2.41%,0%,16.6,28
menu バッグ ロゴ隠し,7,1,202,14,3.47%,7.14%,7.4,12.64
ヘナタトゥー 福岡 安い,7,0,137,0,5.11%,0%,10.29,0
パソコン スキンシール 自作,6,1,369,77,1.63%,1.3%,5.4,5.82
台湾旅行 言葉話せない,6,0,272,0,2.21%,0%,10.65,0
空港 お迎え ボード テンプレート,6,2,214,30,2.8%,6.67%,20,16.07
うきは市白壁通り,6,0,165,0,3.64%,0%,9.45,0
フレンズ 英語 古い,6,0,52,5,11.54%,0%,27.71,22.8
スキンシール 自作 pc,5,1,309,35,1.62%,2.86%,6.34,4.91
タブレット スキンシール 自作,5,0,153,11,3.27%,0%,4.62,2.73
瞑想 座布団,5,1,108,7,4.63%,14.29%,20.48,30.71
リュック ロゴ隠し,5,1,104,22,4.81%,4.55%,1.62,1.14
エスペラント語 ネーミング,5,0,78,5,6.41%,0%,11.85,12
ロゴ隠し シール,4,0,272,28,1.47%,0%,2.7,3.36
スキンシール 自作,4,1,260,18,1.54%,5.56%,17.21,26
わらび餅 福岡 リヤカー,4,0,253,1,1.58%,0%,13,9
日本面白いもの,4,1,211,130,1.9%,0.77%,6.53,7.4
吉井町白壁通り,4,0,156,0,2.56%,0%,10.08,0
布バッグ ロゴ 消す,4,0,138,4,2.9%,0%,12.68,19.75
民泊 日本人のみ,4,0,128,33,3.12%,0%,11.97,10.91
福岡から韓国 フェリー 格安,4,0,110,3,3.64%,0%,27.69,68
バッグ ロゴ 消す,4,0,102,1,3.92%,0%,8.41,23
magic trackpad 1 2 違い,4,0,88,0,4.55%,0%,13.72,0
エスペラント語 メリット,4,1,50,3,8%,33.33%,15.1,22
ライフパッキング,4,0,37,7,10.81%,0%,19.24,23.14
ヘナタトゥー 開業,4,0,37,4,10.81%,0%,19.32,22.25
瞑想クッション,4,0,32,1,12.5%,0%,29.59,33
福岡 国際交流,4,0,24,0,16.67%,0%,35.67,0
瞑想クッション おすすめ,4,2,23,6,17.39%,33.33%,29.57,34.83
国際交流パーティー,4,0,20,2,20%,0%,10.3,5
白壁通り,3,0,429,7,0.7%,0%,11.67,18.43
ウバック カバー 100均,3,0,336,2,0.89%,0%,2.32,1
ウーバーイーツ ロゴ 隠す なぜ,3,1,306,84,0.98%,1.19%,7.28,6.21
ヨッセンス,3,1,247,20,1.21%,5%,23.48,19.55
シャンプー 代用,3,0,206,19,1.46%,0%,31.46,59.95
高速船ビートル 格安チケット,3,0,195,10,1.54%,0%,31,35.8
エスペラント語 日本語由来,3,0,151,11,1.99%,0%,10.6,11.55
ブランドロゴ 隠す 方法,3,0,110,10,2.73%,0%,1.32,1.5
福岡 外国人が集まる場所,3,0,93,2,3.23%,0%,14.56,20.5
日本にしかない面白いもの,3,1,82,12,3.66%,8.33%,20.4,24.33
高城剛 ライフパッキング,3,0,71,3,4.23%,0%,8,19
タビイク 評判,3,1,63,12,4.76%,8.33%,20.08,18
ロゴ 隠す シール,3,0,48,7,6.25%,0%,1.54,1
消えるタトゥー 福岡,3,0,41,2,7.32%,0%,21.46,30
志賀島空き家バンク,3,0,31,3,9.68%,0%,16.16,17
gopro hero5 session バッテリー交換,3,1,31,1,9.68%,100%,24.65,22
500円 食べ放題 福岡,3,0,27,1,11.11%,0%,54.44,68
asus zenbeam s1,3,1,22,5,13.64%,20%,28.77,42.6
日本 おもしろいもの,3,3,21,19,14.29%,15.79%,6.29,6.21
pentax k-s2 評判,3,1,21,1,14.29%,100%,21.33,24
軽トラハウス 自作,3,0,15,3,20%,0%,25.4,40.67
高城剛 パッキング,3,0,8,1,37.5%,0%,22.38,42
ebay 売れるもの,2,0,799,0,0.25%,0%,72.56,0
フレンズ 英語 勉強,2,0,596,81,0.34%,0%,60.33,39.9
福岡県国際交流イベント,2,0,253,27,0.79%,0%,10.78,9.89
asus zenbeam e1,2,0,248,16,0.81%,0%,20.57,29.94
ホステル 日本人,2,1,166,9,1.2%,11.11%,21.08,18
カバン ロゴ 消す,2,0,164,7,1.22%,0%,6.27,10.14
スマフラ留学,2,0,152,12,1.32%,0%,18.5,17.08
福岡 外国人 出会い,2,0,151,9,1.32%,0%,24.13,34.33
ホワイトボード スクリーン代わり,2,0,132,0,1.52%,0%,7.85,0
福岡から釜山 フェリー 格安,2,0,121,11,1.65%,0%,41.69,61.18
ブックスキャン プレミアム,2,0,98,12,2.04%,0%,11.57,18.42
コーラ サビ取り,2,0,95,1,2.11%,0%,10.64,15
福岡 釜山 ビートル 格安,2,0,90,19,2.22%,0%,36.08,38.95
フィリピン 0円留学,2,0,85,7,2.35%,0%,77.38,73.43
瞑想 クッション,2,0,79,3,2.53%,0%,32.59,52
ウバック 固定 100均,2,1,60,5,3.33%,20%,12.45,29.2
吉井白壁通り,2,0,58,0,3.45%,0%,9.45,0
エスペラント語 名前,2,0,57,0,3.51%,0%,9.44,0
bb q20 キーボード,2,0,54,10,3.7%,0%,20.39,20.4
日本の珍しいもの,2,1,52,27,3.85%,3.7%,11.06,8.74
ロゴ 隠したい,2,1,45,12,4.44%,8.33%,3.02,2.42
福岡国際交流イベント,2,0,38,2,5.26%,0%,11,8
釜山 福岡 フェリー 値段,2,0,37,1,5.41%,0%,46.46,76
宅飲み おつまみ 買い出し,2,0,32,0,6.25%,0%,30.22,0
高城剛 ミニマリスト,2,0,31,9,6.45%,0%,26.19,32.67
台湾旅行 中国語できない,2,0,24,0,8.33%,0%,5.54,0
国際交流 福岡,2,0,24,5,8.33%,0%,38.79,41.4
民泊 日本人,2,0,22,7,9.09%,0%,26.27,24
釜山 福岡 フェリー 3500円,2,0,19,3,10.53%,0%,24.05,26.33
瞑想用座布団,2,0,18,0,11.11%,0%,21.83,0
趣味 ピクニック,2,0,17,0,11.76%,0%,16.24,0
エスペラント語 習得時間,2,2,17,2,11.76%,100%,28.29,24.5
アコギ練習 うるさい,2,0,16,1,12.5%,0%,36.19,30
福岡 国際交流サークル,2,0,13,0,15.38%,0%,2.23,0
千石峡 バーベキュー,2,0,13,0,15.38%,0%,39.46,0
zuca キャリーケース,2,1,8,6,25%,16.67%,34.25,31.67
星が好きな人 プレゼント,2,0,4,0,50%,0%,34.25,0
太宰府 ゲストハウス,1,0,569,143,0.18%,0%,61.75,51.22
ヤクルト エスペラント語,1,0,283,0,0.35%,0%,9.31,0
コーチング フリーランス,1,0,283,19,0.35%,0%,43.07,49.79
フレンズ 英語 勉強法,1,0,281,7,0.36%,0%,46.51,83.57
空港 お迎え ボード,1,0,239,21,0.42%,0%,31.04,23.71
0円留学,1,0,213,9,0.47%,0%,32.85,72.22
デリバリーバッグ 100 均,1,1,205,92,0.49%,1.09%,9.37,9.79
プロジェクター ロールスクリーン 代用,1,0,199,6,0.5%,0%,34.82,50.83
ヤクルト 語源 エスペラント語,1,0,180,2,0.56%,0%,9.48,17.5
コーラ サビ落とし,1,0,174,11,0.57%,0%,9.72,1.73
モニター 歪み,1,1,127,38,0.79%,2.63%,6.22,5.74
エスペラント語,1,0,116,0,0.86%,0%,14.43,0
macbook 2台持ち,1,1,104,3,0.96%,33.33%,53.69,41
asus s1,1,0,97,11,1.03%,0%,24.2,33.09
釜山旅行 格安 ビートル,1,0,95,6,1.05%,0%,33.17,38.83
f lux 危険性,1,0,91,0,1.1%,0%,11.46,0
スクリーン 代用品,1,1,82,5,1.22%,20%,38.27,31
自由鳥 free bird,1,0,80,42,1.25%,0%,48.69,42.07
博多一番太鼓,1,0,80,10,1.25%,0%,58.88,56.2
偽善者マジうざい,1,0,79,3,1.27%,0%,16.66,13.33
リンス 代用,1,0,78,3,1.28%,0%,12.47,44.67
福岡市 国際交流 イベント,1,0,75,1,1.33%,0%,15.57,15
bookscan プレミアム,1,0,70,1,1.43%,0%,7.49,15
三角エコビレッジ サイハテ レビュー,1,0,70,22,1.43%,0%,9.59,8.36
リュック ロゴ 消す,1,1,59,2,1.69%,50%,11.49,18.5
wolt バッグ ロゴ隠し,1,0,56,2,1.79%,0%,11.52,41.5
プロジェクター スクリーン 代用 模造紙,1,0,54,7,1.85%,0%,20.72,29.29
asus e1,1,0,54,8,1.85%,0%,23.19,34.88
自由鳥 メニュー,1,0,53,0,1.89%,0%,16.02,0
うきは白壁,1,0,48,0,2.08%,0%,10.1,0
うきは 白壁通り ランチ,1,0,47,0,2.13%,0%,17.19,0
瞑想用クッション,1,0,47,0,2.13%,0%,23.28,0
プロジェクタースクリーン 自作 ニトリ,1,0,44,12,2.27%,0%,21.59,20.08
瞑想座布団,1,0,43,3,2.33%,0%,20.3,25.67
ランサーズ ロゴ コンペ,1,0,43,1,2.33%,0%,31.44,32
国際交流イベント 福岡,1,0,41,0,2.44%,0%,14.61,0
オーストラリア留学センター 口コミ,1,0,41,4,2.44%,0%,25.34,54.25
ダイソー ウーバー,1,1,38,13,2.63%,7.69%,8.5,7.08
吉井町 観光 駐車場,1,0,38,0,2.63%,0%,8.61,0
コーラ 錆落とし,1,0,37,2,2.7%,0%,12.76,11
コーラ 錆び取り,1,0,36,5,2.78%,0%,9.11,1.8
髭 手入れ道具,1,0,35,0,2.86%,0%,39.8,0
ウバッグ,1,0,34,2,2.94%,0%,50.41,24.5
シャンプーの代わりにコンディショナー,1,0,33,0,3.03%,0%,11.09,0
コーラでサビが落ちる,1,0,32,1,3.12%,0%,10.22,10
福岡 ヘナタトゥー,1,0,32,1,3.12%,0%,21.31,30
ピクニック 趣味,1,0,31,4,3.23%,0%,14.42,26.5
ライダーズカフェ 福岡,1,0,31,3,3.23%,0%,32.84,27.67
ウバック 固定 100 均,1,0,28,0,3.57%,0%,9.14,0
座禅座布団 ニトリ,1,0,28,0,3.57%,0%,26.93,0
プロジェクタースクリーン 代用 布,1,0,27,3,3.7%,0%,26.3,30
ヤクルト エスペラント,1,0,25,0,4%,0%,12.48,0
台湾旅行 日本語しか話せない,1,0,25,0,4%,0%,26.68,0
apple watch 使わなくなった,1,0,25,5,4%,0%,42.36,76
わらび餅 リヤカー,1,0,23,0,4.35%,0%,12.74,0
フリーバード 大橋,1,1,23,3,4.35%,33.33%,36.78,37.33
スマートウォッチ 使わなくなった,1,1,22,4,4.55%,25%,43.32,68.25
福岡 国際交流イベント,1,0,21,0,4.76%,0%,11.19,0
ebayで売れる日本のもの,1,0,21,0,4.76%,0%,49.71,0
フリーランス コーチング,1,0,20,2,5%,0%,31.25,52.5
ストレス解消 手遊び,1,0,20,8,5%,0%,35.7,34.5
フレンズ 英語学習 サイト,1,0,20,3,5%,0%,43.7,97.33
パワートラベラー 怪しい,1,0,19,0,5.26%,0%,12.26,0
日本の面白いこと,1,0,19,0,5.26%,0%,16.63,0
一眼レフ レンタル 福岡,1,0,19,5,5.26%,0%,31.32,34.4
福岡 釜山 日帰り ビートル,1,0,19,0,5.26%,0%,43.11,0
language exchange 福岡,1,0,18,0,5.56%,0%,13.72,0
目的と手段を履き違える,1,0,18,0,5.56%,0%,27.39,0
福岡から韓国 船,1,0,18,0,5.56%,0%,58.61,0
空港お迎えボード,1,0,17,1,5.88%,0%,23.41,22
わらび餅 屋台,1,0,17,0,5.88%,0%,33.35,0
エスペラント語 単語 一覧,1,1,16,1,6.25%,100%,22.56,71
福岡 ライダーズカフェ,1,1,16,1,6.25%,100%,31.44,29
福岡 釜山 フェリー 格安,1,0,16,3,6.25%,0%,42.5,74.33
ウーバーイーツ ロゴ ステッカー,1,0,15,0,6.67%,0%,15.07,0
白壁の町並み うきは,1,0,15,0,6.67%,0%,23.67,0
スーツケース zuca,1,1,14,6,7.14%,16.67%,31.14,27.33
うきは市 地域おこし協力隊,1,0,14,2,7.14%,0%,32.29,30
うきは市 白壁通り 駐車場,1,0,12,0,8.33%,0%,9.92,0
日本 面白い,1,0,12,4,8.33%,0%,52.67,78.75
釜山から福岡 船,1,0,12,2,8.33%,0%,64.83,81.5
座禅用座布団,1,1,11,1,9.09%,100%,36.64,15
ビートル往復の運賃はいくらですか？,1,0,10,0,10%,0%,14.6,0
福岡~釜山 日帰り ビートル,1,0,10,0,10%,0%,29.2,0
ツーバイフォー 突っ張り棒,1,0,9,0,11.11%,0%,14.44,0
志賀島 空き家,1,0,9,2,11.11%,0%,18.33,15
福岡市 国際交流,1,0,8,0,12.5%,0%,42.5,0
プロジェクター スクリーン代用,1,0,8,1,12.5%,0%,61.25,64
日本の面白いところ,1,0,7,0,14.29%,0%,36.57,0
髭手入れ 道具 おすすめ,1,0,7,1,14.29%,0%,69.29,86
アコースティックギター 騒音,1,0,6,3,16.67%,0%,42.33,48.33
hhkb タイピング練習,1,0,6,0,16.67%,0%,95.83,0
国際交流サークル 社会人,1,0,5,0,20%,0%,9.2,0
ウルトラワイドモニター イラスト,1,0,5,0,20%,0%,15,0
志賀島 移住,1,0,5,2,20%,0%,22.4,22
博多 わらび餅 屋台,1,0,5,0,20%,0%,26,0
ズーカ スーツケース,1,0,4,0,25%,0%,8.25,0
海外の友達にお菓子を送る,1,0,4,0,25%,0%,16,0
gopro hero 5 session バッテリー交換,1,0,4,1,25%,0%,22,17
オンラインサロン 退会理由,1,0,4,0,25%,0%,30,0
宇宙好き プレゼント 男性,1,0,4,1,25%,0%,34.5,34
英語 フレンズ 勉強法,1,0,4,0,25%,0%,35.75,0
大橋自由鳥,1,0,4,0,25%,0%,39.25,0
うきは 白壁 駐車場,1,0,3,0,33.33%,0%,4,0
u3419w レビュー,1,1,3,3,33.33%,33.33%,15,15
キャンピングシェル,1,1,3,2,33.33%,50%,20,23.5
language exchange fukuoka,1,0,3,0,33.33%,0%,20.67,0
白壁通り うきは 食べ歩き,1,0,3,0,33.33%,0%,26.33,0
ゼロ円留学,1,0,3,1,33.33%,0%,40.67,29
フレンズ英会話カフェ 評判,1,1,2,1,50%,100%,12.5,13
フリーランス デスク周り,1,1,2,1,50%,100%,17,16
シャンプー代用品,1,0,2,0,50%,0%,22,0
フレンズ 英語学習 やり方,1,1,2,1,50%,100%,28,28
釜山 ゲストハウス おすすめ,1,0,2,0,50%,0%,32.5,0
海外ドラマ 勉強法,1,0,1,0,100%,0%,12,0
海外交流 イベント,1,0,1,0,100%,0%,18,0
ビートル 格安,1,0,1,0,100%,0%,19,0
軽トラ シェル 販売,1,0,1,0,100%,0%,22,0
海外に送れるギフト,1,0,1,0,100%,0%,23,0
エスペラント語 太陽,1,0,1,0,100%,0%,26,0
福岡→韓国 フェリー,1,0,1,0,100%,0%,33,0
アップルウォッチ 使わない,1,0,1,0,100%,0%,46,0
自転車 台湾一周,1,0,1,0,100%,0%,57,0
pentax q-s1 使いこなす,1,0,1,0,100%,0%,68,0
プロジェクター スクリーン代わり,1,0,1,0,100%,0%,68,0
apple watch 使わない,1,0,1,0,100%,0%,105,0
福岡 フリーランス コミュニティ,1,0,1,0,100%,0%,119,0
bookscan,0,0,1363,3,0%,0%,36.54,47
福岡 韓国 フェリー,0,0,734,37,0%,0%,111.39,79.59
台湾旅行 英語話せない,0,0,690,180,0%,0%,42.42,41.76
ウルトラワイドモニター デメリット,0,0,615,138,0%,0%,60.78,64.36
自転車 サビ落とし,0,0,543,14,0%,0%,90.11,97.21
カップル コスプレ,0,0,526,19,0%,0%,75.46,79.05
箱崎 ゲストハウス,0,0,501,93,0%,0%,26.01,23.8
自転車 サビ取り,0,0,499,12,0%,0%,88.96,96.58
韓国 ゲストハウス おすすめ,0,0,483,25,0%,0%,82.95,71.4
プロジェクター スクリーン 代用,0,0,481,96,0%,0%,68.74,73.83
留学エージェント 評判,0,0,475,0,0%,0%,80.84,0
リゾートバイト メリット,0,0,456,155,0%,0%,83.98,77.48
福岡 ゲストハウス,0,0,456,414,0%,0%,87.07,86.68
福岡から韓国 安く行く方法,0,0,450,42,0%,0%,63.23,71.9
ドミトリー 日本,0,0,447,220,0%,0%,60.04,40.5
マニラ 0円留学,0,0,440,57,0%,0%,18.76,17.53
リゾートバイト デメリット,0,0,438,171,0%,0%,71.79,64.84
マニラ0円 留学,0,0,435,57,0%,0%,18.24,15.96
ティピーテント 自作,0,0,396,233,0%,0%,67.11,66.54
ゲストハウス箱崎ガーデン,0,0,362,54,0%,0%,20.74,18.28
ゲストハウス 箱崎ガーデン,0,0,348,42,0%,0%,20.57,18.38
フレンズ 勉強法,0,0,348,28,0%,0%,44.78,50.43
ソウル ゲストハウス 交流,0,0,345,46,0%,0%,40.45,25.61
ゲストハウス箱崎,0,0,344,44,0%,0%,27.82,25.27
デジタルノマド 持ち物,0,0,343,23,0%,0%,54.33,49.91
guesthouse hakozaki garden,0,0,343,24,0%,0%,66.66,25.42
ブログ 続かない,0,0,341,0,0%,0%,172.61,0
留学 失敗 引きこもり,0,0,328,0,0%,0%,82.41,0
ノマド 持ち物,0,0,327,89,0%,0%,43.69,42.76
ゲストハウス ホコロビ,0,0,322,111,0%,0%,83.72,82.49
自転車 さび落とし,0,0,320,4,0%,0%,84.15,97.5
コーチング フリー ランス,0,0,312,102,0%,0%,40.56,46.1
macbook バッテリー交換 宅配,0,0,309,37,0%,0%,66.88,83.24
netflix 英語学習 おすすめ ドラマ,0,0,305,100,0%,0%,90.47,94.22
フリーランス 便利グッズ,0,0,300,81,0%,0%,76.09,70.2
アコギ 防音 対策,0,0,298,26,0%,0%,73.12,64.31
トラックボール 腱鞘炎,0,0,295,41,0%,0%,71.79,70.73
フレンズ 英語 勉強 効果,0,0,293,10,0%,0%,28.45,24.5
オーストラリア 留学エージェント おすすめ,0,0,291,49,0%,0%,93.33,98.22
スマフラ,0,0,290,99,0%,0%,9.16,11.71
flux ブルーライト,0,0,284,12,0%,0%,28.04,57.83
釜山 ゲストハウス,0,0,282,15,0%,0%,68.55,75.53
うきは 観光,0,0,282,5,0%,0%,90.15,91.2
モノオク 田舎,0,0,278,4,0%,0%,36.12,47
フレンズ ドラマ 英語 勉強法,0,0,276,3,0%,0%,52.8,50
オーストラリア 留学 評判,0,0,276,65,0%,0%,69.13,83.2
プロジェクター スクリーン ニトリ,0,0,275,29,0%,0%,72.11,61.21
博多 ゲストハウス,0,0,274,216,0%,0%,91.35,91.51
ゴープロ 5 セッション 防水,0,0,273,73,0%,0%,53.19,62.19
ホテル暮らし 貴重品,0,0,272,156,0%,0%,73.92,76.22
ギター 騒音 対策,0,0,271,28,0%,0%,68.23,70.57
フレンズ 英会話 勉強法,0,0,269,4,0%,0%,59.55,52
auひかり 引っ越し,0,0,268,0,0%,0%,145.9,0
釜山駅 ゲストハウス,0,0,267,55,0%,0%,63.49,71.85
ダイソー ウーバーイーツ,0,0,262,61,0%,0%,7.63,7.62
日本ゲストハウス,0,0,262,56,0%,0%,30.27,23.82
志賀島 ゲストハウス,0,0,258,43,0%,0%,96.14,97.6
呼子 ゲストハウス,0,0,257,4,0%,0%,89.54,83.5
ノートパソコン スキンシール 100均,0,0,253,0,0%,0%,1.36,0
wordpress テーマ クール,0,0,253,18,0%,0%,48.38,43.06
ゲストハウス太宰府,0,0,252,48,0%,0%,79.82,59.04
ミニマラックス,0,0,249,179,0%,0%,69.97,71.01
プロジェクタースクリーン ニトリ,0,0,247,23,0%,0%,65.31,57.87
日本 ゲストハウス,0,0,246,72,0%,0%,26.68,17.65
モノオク キャンペーン,0,0,243,27,0%,0%,81.83,85
韓国 可愛いゲストハウス,0,0,239,36,0%,0%,87.33,89.33
太宰府ゲストハウス,0,0,237,49,0%,0%,67.22,54.78
福岡県 ゲストハウス,0,0,236,110,0%,0%,72.36,74.45
オーストラリア 留学 エージェント,0,0,236,0,0%,0%,97.49,0
侍エンジニア塾,0,0,234,0,0%,0%,83.2,0
軽トラ 荷台 サイズ,0,0,224,0,0%,0%,5.36,0
オーストラリア 留学エージェント,0,0,224,0,0%,0%,95.02,0
ゲストハウス 太宰府,0,0,221,83,0%,0%,78.2,57.34
フレンズ 英語学習,0,0,218,0,0%,0%,82.15,0
曲面モニター デメリット,0,0,214,6,0%,0%,30.49,55.33
netflix 英語 学習 おすすめ ドラマ,0,0,213,79,0%,0%,92.63,94.62
リゾバ 体験,0,0,212,12,0%,0%,61.66,78
福岡市ゲストハウス,0,0,210,126,0%,0%,76.38,75.65
福岡から釜山,0,0,206,6,0%,0%,68.67,75.33
福岡 釜山 格安,0,0,206,3,0%,0%,71.83,75.33
韓国 宿泊 ゲストハウス,0,0,203,38,0%,0%,79.03,79.87
時間 効率化 生活,0,0,201,0,0%,0%,58.61,0
ニトリ スクリーン プロジェクター,0,0,201,2,0%,0%,74.62,85.5
uber eats ロゴ,0,0,199,51,0%,0%,53.67,52.73
ニトリ プロジェクター,0,0,198,3,0%,0%,73.93,73
macbook バッテリー交換 郵送,0,0,197,26,0%,0%,89.39,88.54
フレンズ 英語,0,0,192,1,0%,0%,60.68,39
福岡から韓国 フェリー,0,0,191,82,0%,0%,71.1,77.13
福岡市 ゲストハウス,0,0,191,104,0%,0%,75.64,74.16
フレンズ 日本語字幕,0,0,188,5,0%,0%,80.01,82.6
ニトリ ロールスクリーン プロジェクター,0,0,187,13,0%,0%,73.22,59.46
韓国 有名 ゲストハウス,0,0,187,43,0%,0%,74.79,87.3
韓国ゲストハウス おすすめ,0,0,187,14,0%,0%,84.37,62.64
ティピーテント diy,0,0,186,119,0%,0%,69.79,68.49
合鍵屋 福岡,0,0,182,7,0%,0%,82.59,96.43
ゲストハウス 韓国 おすすめ,0,0,182,34,0%,0%,93.48,91.21
プロジェクタースクリーン代用,0,0,179,33,0%,0%,60.89,66.24
psvita テレビ 出力,0,0,179,7,0%,0%,78.51,84.43
留学エージェント 福岡,0,0,178,14,0%,0%,67.02,69
釜山 福岡 格安,0,0,177,1,0%,0%,75.67,80
英語 海外ドラマ フレンズ,0,0,175,12,0%,0%,76.14,67.67
looopでんき シミュレーション,0,0,175,8,0%,0%,111.48,102.38
macbook バッテリー交換 送料,0,0,174,4,0%,0%,75.34,96
福岡 釜山 日帰り 飛行機,0,0,171,4,0%,0%,72.77,67.5
friends 英語学習,0,0,169,26,0%,0%,74.91,46.65
プロジェクター ニトリ,0,0,166,1,0%,0%,74.23,80
レンタマ,0,0,162,20,0%,0%,33.43,30.85
auひかり 撤去工事,0,0,162,97,0%,0%,86.43,86.06
釜山日帰り 福岡,0,0,160,4,0%,0%,85.27,85.75
福岡市城南区 賃貸,0,0,156,0,0%,0%,86.9,0
openちゃん 台湾,0,0,154,6,0%,0%,71.23,74.83
ニトリ プロジェクター スクリーン,0,0,153,7,0%,0%,75.1,62.29
うきは観光,0,0,152,1,0%,0%,92.27,93
ロールスクリーン ニトリ プロジェクター,0,0,151,11,0%,0%,70.25,49.36
ebay 副業,0,0,151,0,0%,0%,88.54,0
ギター 深夜 練習,0,0,150,0,0%,0%,14.03,0
コワーキングスペース 天神,0,0,150,74,0%,0%,92.36,90.12
カバンのロゴ 消す,0,0,148,8,0%,0%,6.6,5.38
サウスピーク ご飯,0,0,148,0,0%,0%,62.36,0
曲面ディスプレイ,0,0,146,0,0%,0%,67.71,0
侍エンジニア 無料体験,0,0,143,0,0%,0%,44.43,0
ウーバーイーツ バッグ もらい方,0,0,143,0,0%,0%,74.92,0
ゲストハウスホコロビ,0,0,142,45,0%,0%,86.72,86.64
zenbeam e1,0,0,141,13,0%,0%,22.7,28.31
シータ コスプレ 子供,0,0,137,0,0%,0%,4.47,0
asus プロジェクター おすすめ,0,0,136,13,0%,0%,15.5,22.23
韓国旅行 ゲストハウス おすすめ,0,0,135,26,0%,0%,75.96,77.08
ウーバーイーツ 持ち物,0,0,135,18,0%,0%,76.79,69.44
湾曲モニター 仕事,0,0,135,44,0%,0%,96.78,98.75
福岡 留学エージェント,0,0,133,15,0%,0%,61.98,68.53
福岡+オタク+交流会,0,0,133,0,0%,0%,72.21,0
志賀 島 フェリー 乗り場,0,0,133,18,0%,0%,78.46,57.11
福岡移住 家賃３万,0,0,131,6,0%,0%,23.05,21.33
オーストラリア留学センター評判,0,0,129,1,0%,0%,19.84,18
パズー コスプレ 子供,0,0,127,0,0%,0%,5.06,0
福岡+友達作り+交流会,0,0,126,0,0%,0%,62.59,0
コステル美野島,0,0,126,47,0%,0%,71.5,71.7
ゲストハウスとは 韓国,0,0,126,32,0%,0%,92.89,95.16
モノオク 賃貸,0,0,125,0,0%,0%,56.85,0
openちゃん,0,0,125,0,0%,0%,76.6,0
うきは ゲストハウス,0,0,125,67,0%,0%,97.52,96.64
auひかり 引越し 撤去費用,0,0,124,4,0%,0%,174.03,178.75
韓国のゲストハウス,0,0,123,35,0%,0%,77.82,76.57
magic trackpad 2 レビュー,0,0,121,0,0%,0%,32.75,0
バイク 鍵作成 博多,0,0,120,0,0%,0%,17.79,0
エレキギター 深夜 練習,0,0,120,0,0%,0%,19.82,0
looopでんき おうちプラン,0,0,120,25,0%,0%,154.28,151.88
うきは市 ゲストハウス,0,0,119,77,0%,0%,96.61,96.57
バイク サビ取り,0,0,118,0,0%,0%,84.62,0
ニトリ ロールカーテン プロジェクター,0,0,118,0,0%,0%,88.47,0
韓国 おすすめ ゲストハウス,0,0,117,5,0%,0%,90.39,94.2
エレキギター 生音 深夜,0,0,112,0,0%,0%,18.25,0
dlpプロジェクター デメリット,0,0,110,3,0%,0%,85.43,79
韓国ドラマ プライムビデオ おすすめ,0,0,110,15,0%,0%,124.78,100.53
外国人 出会い 福岡,0,0,109,0,0%,0%,17.68,0
英語 学習 ドラマ netflix,0,0,109,20,0%,0%,86.44,82.65
博多から韓国,0,0,108,0,0%,0%,60.1,0
プロジェクター スクリーン 代わり,0,0,107,5,0%,0%,73.13,67
キオラバジェットステイ,0,0,106,21,0%,0%,66.58,60.95
韓国 格安 ゲストハウス,0,0,106,3,0%,0%,93.17,104
スクリーン 代用,0,0,105,23,0%,0%,59.69,58.17
原付 鍵紛失 博多,0,0,104,0,0%,0%,29.73,0
ゲストハウス中今,0,0,103,5,0%,0%,44.01,48
プロジェクター 白い布,0,0,103,0,0%,0%,50.8,0
ナイロン バッグ ロゴ 消す,0,0,102,21,0%,0%,8.31,7.33
リゾートバイト 山口,0,0,102,0,0%,0%,69.17,0
うきは市観光,0,0,102,0,0%,0%,78.29,0
韓国 格安ゲストハウス,0,0,102,2,0%,0%,93.08,103.5
偽善者 うざい,0,0,101,3,0%,0%,18.12,22
デスク周り フリーランス,0,0,101,0,0%,0%,41.46,0
曲面 ディスプレイ,0,0,101,0,0%,0%,67.37,0
ランゲージエクスチェンジ シェアハウス,0,0,101,1,0%,0%,90.8,99
スクリーンの代わりになるもの,0,0,100,4,0%,0%,63.07,56.25
湯シャン リンス,0,0,99,2,0%,0%,57.87,59
韓国 日本人専用 ゲストハウス,0,0,99,36,0%,0%,87.08,88.11
天神 コワーキングスペース,0,0,99,35,0%,0%,91.64,90.54
ゲストハウス 箱崎,0,0,98,46,0%,0%,25.91,24.72
自転車 サビ 取り,0,0,98,1,0%,0%,88.62,90
ゲストハウス 福岡,0,0,98,80,0%,0%,92.33,90.83
フレンズ 聞き取れない,0,0,97,0,0%,0%,51.03,0
スーツケース 横型 デメリット,0,0,97,3,0%,0%,51.39,56.33
福岡ゲストハウス,0,0,96,87,0%,0%,86.1,85.43
侍エンジニア塾 福岡,0,0,95,0,0%,0%,50.81,0
バイク 鍵作成 福岡,0,0,92,0,0%,0%,11.57,0
ゲストハウス 日本,0,0,92,33,0%,0%,25.28,17.73
プロジェクター 布 代用,0,0,91,7,0%,0%,53.73,61.29
マッハバイト 出前館,0,0,91,0,0%,0%,56.05,0
原付 鍵紛失 福岡,0,0,90,0,0%,0%,29.16,0
速乾タオル 旅行,0,0,90,1,0%,0%,59.87,65
リゾートバイト 温泉 体験,0,0,90,45,0%,0%,94.26,97.13
錆取り コーラ,0,0,89,2,0%,0%,11.54,18
オーストラリア留学センター,0,0,89,0,0%,0%,42.56,0
mac 2台持ち メリット,0,0,89,5,0%,0%,52.8,54.8
ランサーズ コンペ,0,0,88,0,0%,0%,65.68,0
looop電気 安い,0,0,88,14,0%,0%,78.17,64.79
軽トラ diy,0,0,88,0,0%,0%,78.72,0
福岡市 城南区 賃貸,0,0,87,0,0%,0%,84.77,0
志賀島 行き方,0,0,87,0,0%,0%,90.36,0
座学英語,0,0,86,0,0%,0%,38.35,0
鍵 作成 福岡,0,0,86,0,0%,0%,84.03,0
福岡 わらび餅 自転車,0,0,84,0,0%,0%,10.33,0
白い布 プロジェクター,0,0,84,0,0%,0%,50.14,0
vita tv,0,0,84,1,0%,0%,68.27,77
評判 の 良い 留学 エージェント,0,0,84,0,0%,0%,97.13,0
吉井町 白壁通り,0,0,83,0,0%,0%,11.25,0
鍵 作製 福岡,0,0,83,0,0%,0%,83.73,0
韓国 ゲストハウス 格安,0,0,83,6,0%,0%,90.95,92.67
ウーバーイーツ ロゴ,0,0,81,13,0%,0%,42.15,48.69
バイク 鍵開け 福岡,0,0,81,0,0%,0%,52.33,0
macbook バッテリー交換 福岡,0,0,80,2,0%,0%,86.19,98.5
amazonプライムビデオ 韓国ドラマ おすすめ,0,0,80,0,0%,0%,89.19,0
白壁 うきは,0,0,79,1,0%,0%,10.7,22
ギター 防音対策,0,0,78,2,0%,0%,71.23,70
コスパ が いい,0,0,78,0,0%,0%,185.69,0
ウバック サイズ,0,0,77,0,0%,0%,8.48,0
韓国 ゲストハウス 安い おすすめ,0,0,77,4,0%,0%,89.92,88.5
ウーバーイーツ バッグ ロゴなし,0,0,76,10,0%,0%,19.91,21.3
グリシェン,0,0,76,31,0%,0%,29.62,25.06
自由 鳥,0,0,76,22,0%,0%,53.92,52.95
韓国 ゲストハウス 三人,0,0,76,27,0%,0%,80.5,79.37
印鑑作成 サイト,0,0,76,0,0%,0%,171.45,0
千石 バーベキュー,0,0,75,25,0%,0%,81.92,71.84
モノオク 手数料,0,0,75,20,0%,0%,87.76,87.3
ワーホリ 行かない 後悔,0,0,75,0,0%,0%,94.97,0
個人で稼ぐ スキル,0,0,74,4,0%,0%,66.86,100.25
バイク 鍵 作成 激安,0,0,74,0,0%,0%,85.27,0
韓国 ゲストハウスとは,0,0,74,0,0%,0%,89.54,0
韓国 ゲストハウス 人気,0,0,73,0,0%,0%,97.48,0
スクリーン 布 代用,0,0,72,13,0%,0%,29.42,33.62
留学 エージェント 評判,0,0,72,0,0%,0%,82.06,0
ウーバーイーツ名前隠す,0,0,71,0,0%,0%,5.24,0
テレパシー が 通じる 相手,0,0,71,0,0%,0%,51.25,0
カーテンレール スクリーン プロジェクター,0,0,71,2,0%,0%,89.86,98
侍エンジニア塾 難しい,0,0,70,0,0%,0%,87.94,0
0 円 留学,0,0,70,0,0%,0%,93.37,0
日本ホステル,0,0,68,58,0%,0%,61.31,59.67
mac 2台持ち,0,0,68,11,0%,0%,79.84,64
バイク サビ落とし,0,0,68,0,0%,0%,83.71,0
バイク 錆落とし,0,0,68,0,0%,0%,87.72,0
looopでんき 電気代,0,0,67,37,0%,0%,84.18,87.43
ジブリ コスプレ 簡単,0,0,66,0,0%,0%,16.8,0
わらび餅 移動販売 地域,0,0,66,6,0%,0%,40.98,60.33
mac 二台持ち,0,0,66,8,0%,0%,82.17,77.38
ゲストハウス福岡,0,0,66,53,0%,0%,94.2,92.57
オーストラリア留学 センター,0,0,65,0,0%,0%,44.65,0
ebay 稼げ ない,0,0,65,0,0%,0%,90.95,0
賢者は歴史に学ぶ 原文,0,0,64,2,0%,0%,27.58,29.5
エレキギター 生音 うるさい,0,0,63,0,0%,0%,82.38,0
プロジェクター スクリーン カーテン,0,0,62,3,0%,0%,75.52,85
韓国ゲストハウスとは,0,0,61,1,0%,0%,90.69,84
留学エージェント 悪質,0,0,61,8,0%,0%,98.05,99
韓国 フェリー 格安,0,0,60,8,0%,0%,55.98,67.5
リゾートバイト 山口県,0,0,60,0,0%,0%,64.98,0
vita テレビ出力,0,0,60,1,0%,0%,80.13,84
福岡 カメラ レンタル,0,0,60,21,0%,0%,82.93,87
エレキ ギター 生音 うるさい,0,0,60,0,0%,0%,83.4,0
アマゾンプライムビデオ 英語 勉強,0,0,60,10,0%,0%,88.97,86.3
留学エージェント 北海道,0,0,60,36,0%,0%,92.2,93
ロールスクリーン 通販,0,0,60,0,0%,0%,93.55,0
fukuokahanahostel-福岡花宿-,0,0,59,34,0%,0%,23.68,24.18
ランサーズ コンペ 当選しない,0,0,59,0,0%,0%,57.61,0
サウスピーク,0,0,59,14,0%,0%,58.85,51.71
近くの鍵屋,0,0,59,0,0%,0%,68.69,0
プロジェクタースクリーン カーテン,0,0,59,1,0%,0%,75.9,85
ドミトリー 持ち物,0,0,59,24,0%,0%,77.29,66.08
リゾート バイト メリット,0,0,59,23,0%,0%,83.24,76.87
kintone チーム応援ライセンス,0,0,59,0,0%,0%,86.34,0
パソコン2台持ち デメリット,0,0,58,18,0%,0%,28.29,19
大橋 焼き鳥,0,0,58,0,0%,0%,55.38,0
うきは市 観光,0,0,58,0,0%,0%,56.69,0
オーストラリア 留学 センター,0,0,58,0,0%,0%,58.86,0
プロジェクター 代用,0,0,58,5,0%,0%,82.45,68.8
looop 基本料金,0,0,57,11,0%,0%,87.32,91.09
プロジェクター カーテンレール,0,0,57,0,0%,0%,90.37,0
韓国 ゲストハウス,0,0,56,5,0%,0%,82.61,82.2
macbook バッテリー交換 激安,0,0,56,0,0%,0%,93.86,0
ウバッグ ロゴなし,0,0,55,28,0%,0%,13.56,10
羊 の 脳みそ,0,0,55,0,0%,0%,74.05,0
スマフラ留学 レビュー,0,0,54,0,0%,0%,8.35,0
ランサーズ 当選しない,0,0,54,0,0%,0%,75.59,0
フレンズ 英語字幕,0,0,54,0,0%,0%,85.04,0
amazonプライムビデオ 英語学習,0,0,54,3,0%,0%,85.48,95.67
地方移住 失敗,0,0,54,0,0%,0%,97.5,0
パズー コスプレ,0,0,53,0,0%,0%,3.91,0
ロールカーテン プロジェクター,0,0,53,0,0%,0%,91.11,0
pcatec,0,0,52,0,0%,0%,25.5,0
フレンズ ドラマ 動画 英語,0,0,52,0,0%,0%,67.88,0
カンナム ゲストハウス,0,0,52,0,0%,0%,89.94,0
留学 エージェント 悪質,0,0,52,1,0%,0%,96.96,98
福岡 わらび餅 移動販売,0,0,51,0,0%,0%,14.73,0
侍エンジニア塾 無料,0,0,51,0,0%,0%,60.49,0
腱鞘炎 トラックボール,0,0,51,4,0%,0%,67.31,74.75
福岡 釜山 フェリー,0,0,51,0,0%,0%,76.55,0
髭の手入れ,0,0,51,0,0%,0%,77.69,0
friends 英語字幕,0,0,51,1,0%,0%,86.69,88
断酒 メリットしかない,0,0,50,0,0%,0%,8.12,0
侍エンジニア塾 無料体験,0,0,50,0,0%,0%,39.34,0
gr2 設定 おすすめ,0,0,49,33,0%,0%,16.43,10.58
侍エンジニア塾 体験,0,0,49,0,0%,0%,49.51,0
福岡+旅行好き+交流会,0,0,49,0,0%,0%,68.14,0
侍エンジニア塾 感想,0,0,49,0,0%,0%,68.94,0
福岡 釜山 日帰り,0,0,49,0,0%,0%,85.78,0
mineo iphone5,0,0,49,0,0%,0%,94.18,0
シャンプー代用,0,0,48,5,0%,0%,32.48,59.2
博多 安宿,0,0,48,23,0%,0%,41.27,37.61
福岡 猫島 行き方,0,0,48,1,0%,0%,50.88,49
カーテン スクリーン プロジェクター,0,0,48,0,0%,0%,82.81,0
オーストラリア留学エージェントおすすめ,0,0,48,0,0%,0%,87.73,0
フレンズ ドラマ 英語字幕,0,0,48,0,0%,0%,87.81,0
ゲストハウス 韓国 格安,0,0,48,1,0%,0%,89.48,98
オーストラリア 留学 エージェント おすすめ,0,0,48,1,0%,0%,90.25,96
ブログ 毎日更新 コツ,0,0,48,0,0%,0%,92.27,0
博多町屋 ゲストハウス界音,0,0,48,20,0%,0%,94.88,92.75
ナイロン ロゴ 消す,0,0,47,2,0%,0%,6.96,23
猫島 福岡 行き方,0,0,47,3,0%,0%,49.98,55
バイク 鍵開け 博多,0,0,47,0,0%,0%,95.7,0
日本人宿,0,0,46,11,0%,0%,26.7,20.55
座学 英語,0,0,46,6,0%,0%,48.37,57.17
スタンディングデスク 代用,0,0,46,0,0%,0%,80.96,0
侍エンジニア塾 マニュアル,0,0,46,0,0%,0%,81.89,0
ロールスクリーン 映画,0,0,46,0,0%,0%,84.65,0
エポスカード 読み取れない,0,0,46,0,0%,0%,87.02,0
城南区 賃貸,0,0,46,0,0%,0%,87.52,0
カンナムゲストハウス,0,0,46,0,0%,0%,90.52,0
オーストラリア留学エージェント,0,0,46,0,0%,0%,94.85,0
ウーバーイーツ ダイソー,0,0,45,4,0%,0%,7.4,9.75
博多一番太鼓 商品,0,0,45,0,0%,0%,12.69,0
レンタマ 口コミ,0,0,45,0,0%,0%,13.13,0
自由鳥 レビュー,0,0,45,3,0%,0%,15.67,18.67
留学センター オーストラリア,0,0,45,0,0%,0%,65.27,0
英語 学習 ドラマ amazon,0,0,45,9,0%,0%,80.49,82.56
book scan,0,0,45,0,0%,0%,90.42,0
コーラでサビ落とし,0,0,44,0,0%,0%,10.05,0
オーストラリア 留学センター,0,0,44,0,0%,0%,37.34,0
千石 シェアハウス,0,0,44,0,0%,0%,78.57,0
福岡 から 釜山 フェリー,0,0,44,19,0%,0%,83.27,79
うきは市 移住,0,0,44,0,0%,0%,86.39,0
大橋 個室,0,0,44,2,0%,0%,88.8,91.5
福岡 ゲストハウス 安い,0,0,44,14,0%,0%,90.07,81.07
トートバッグ ロゴ 消す,0,0,43,0,0%,0%,7.63,0
zuca pro,0,0,43,13,0%,0%,30.84,31.46
福岡 韓国 フェリー 料金,0,0,43,10,0%,0%,42.02,85.8
オーストラリア 留学 センター 評判,0,0,43,0,0%,0%,60.47,0
トラックボールマウス 腱鞘炎,0,0,43,4,0%,0%,63.72,62.5
auひかり 撤去 自分で,0,0,43,32,0%,0%,69.23,68.03
chrome keepa,0,0,43,0,0%,0%,78.23,0
プロジェクター スクリーン カーテンレール,0,0,43,0,0%,0%,82.91,0
韓国ゲストハウス,0,0,43,3,0%,0%,83.16,84.67
シャンプー リンス不要,0,0,43,0,0%,0%,85.05,0
ゲストハウス 博多,0,0,43,39,0%,0%,95.81,96.1
布バッグ ロゴ 隠す,0,0,42,0,0%,0%,6.76,0
ティピ 作り方,0,0,42,8,0%,0%,22.64,36.38
ロールスクリーン カーテン代わり,0,0,42,4,0%,0%,56.31,57.25
uber ロゴ,0,0,42,10,0%,0%,68.64,83
auひかり 撤去工事 不要,0,0,42,10,0%,0%,71.38,89.8
keepa chrome,0,0,42,0,0%,0%,75.71,0
髭 整える 道具,0,0,42,2,0%,0%,76.79,49.5
e bay 副業,0,0,42,0,0%,0%,81.69,0
スクリーン カーテンレール プロジェクター,0,0,42,1,0%,0%,82.86,94
アコギ 消音方法,0,0,42,0,0%,0%,88.71,0
ゲストハウス阿蘇び心 福岡太宰府店,0,0,41,9,0%,0%,20.12,21.44
スクリーン 白い布,0,0,41,3,0%,0%,39.27,52.67
曲面ディスプレイ デメリット,0,0,41,12,0%,0%,39.54,41.08
福岡から釜山 フェリー,0,0,41,8,0%,0%,57.9,72.75
looop電気 基本料金,0,0,41,11,0%,0%,79.41,62.91
引越し うきは,0,0,41,0,0%,0%,88.2,0
愚者は経験に学び、賢者は歴史に学ぶ,0,0,41,10,0%,0%,88.41,83.4
looop電気 節約,0,0,41,0,0%,0%,92.02,0
ウクレレ 簡単な曲 ジブリ,0,0,40,0,0%,0%,8.2,0
コーラでサビ取り,0,0,40,0,0%,0%,9.7,0
リンスの代わりになるもの,0,0,40,1,0%,0%,17.55,42
瞑想 座布,0,0,40,7,0%,0%,23.2,27.14
ウーバーイーツ バッグ 交換,0,0,40,0,0%,0%,62.12,0
まみ こ,0,0,40,39,0%,0%,69.2,69.82
ドラマ フレンズ 英語学習,0,0,40,13,0%,0%,80.05,79
スクリーン カーテン プロジェクター,0,0,40,1,0%,0%,84,75
ソウルから釜山 日帰り,0,0,40,0,0%,0%,88.95,0
福太郎 天神 明太子ランチ,0,0,40,7,0%,0%,89.25,82
賃貸 突っ張り棒 天井,0,0,39,9,0%,0%,44.05,32.22
リゾート バイト 山口,0,0,39,0,0%,0%,71.13,0
評判の良い留学エージェント,0,0,39,0,0%,0%,90.74,0
ニトリ 遮光ロールスクリーン プロジェクター,0,0,39,1,0%,0%,91.49,75
プライムビデオ 英語学習 おすすめ,0,0,39,19,0%,0%,95.46,97.63
ブログ 3ヶ月 続かない 理由,0,0,38,0,0%,0%,33.58,0
スカイキャスナー,0,0,38,0,0%,0%,51.39,0
コスプレ ハロウィン 安い,0,0,38,0,0%,0%,72.71,0
うきは市 賃貸,0,0,38,0,0%,0%,79.03,0
freee 評判,0,0,38,0,0%,0%,131.37,0
侍エンジニア塾 評判,0,0,38,0,0%,0%,205.39,0
ウーバー ロゴ,0,0,37,9,0%,0%,63.62,57.33
リゾバ 年末年始,0,0,37,0,0%,0%,73.38,0
スタンディング デスク 代用,0,0,37,0,0%,0%,81.78,0
ebay 仕入れ コツ,0,0,37,0,0%,0%,84.24,0
カメラ レンタル 福岡,0,0,37,13,0%,0%,85.19,88.38
釜山 格安旅行,0,0,37,26,0%,0%,87.95,90.46
sem フリーランス,0,0,37,0,0%,0%,90.24,0
げすとはうす中今,0,0,37,0,0%,0%,91.51,0
ブランド バッグ ロゴ 隠す,0,0,36,0,0%,0%,1.53,0
０円留学,0,0,36,4,0%,0%,22,80.5
侍エンジニア ブログ,0,0,36,15,0%,0%,26.64,24.13
わらび餅 移動販売,0,0,36,0,0%,0%,39.69,0
博多 一番太鼓,0,0,36,16,0%,0%,76.78,64.12
タビコレ バックパッカーズ,0,0,36,14,0%,0%,80.81,82.29
福岡から韓国 費用,0,0,36,0,0%,0%,94.22,0
外国人 ドミトリー 福岡,0,0,36,8,0%,0%,96.89,98.88
magictrackpad2,0,0,35,11,0%,0%,22.37,28.27
ジブリ カップル,0,0,35,0,0%,0%,30.86,0
ブログ 生計,0,0,35,4,0%,0%,36.94,29.25
布団クリーナー レンタル,0,0,35,8,0%,0%,46.34,45.38
テレパシーが通じる相手,0,0,35,0,0%,0%,47.06,0
プロジェクタースクリーン 代用,0,0,35,5,0%,0%,54.46,67
リゾバ テーマパーク,0,0,35,0,0%,0%,66.14,0
福岡 から 韓国 フェリー,0,0,35,16,0%,0%,83.26,77.06
looop電気 実際,0,0,35,3,0%,0%,93.51,86
オーストラリア留学 エージェント,0,0,35,0,0%,0%,94.49,0
英会話 留学準備,0,0,35,3,0%,0%,190.69,193.67
コーラ錆落とし,0,0,34,2,0%,0%,10.03,2
macbook スキンシール 自作,0,0,34,3,0%,0%,11.12,22.33
福岡ゲストハウスjikka,0,0,34,0,0%,0%,57.62,0
ebay 輸出 売れるもの,0,0,34,0,0%,0%,65.03,0
プロジェクタースクリーン カーテンレール,0,0,34,1,0%,0%,82.85,96
富士フイルム ミラーレス 型落ち,0,0,34,0,0%,0%,87.32,0
リンス不要 シャンプー,0,0,34,0,0%,0%,90.18,0
ウーバーイーツ バッグ 100均,0,0,33,0,0%,0%,6.39,0
軽トラ荷台サイズ,0,0,33,0,0%,0%,11.12,0
タビトラ ツイッター,0,0,33,0,0%,0%,23.03,0
福岡からソウル フェリー,0,0,33,3,0%,0%,63.03,58
福岡留学エージェント,0,0,33,4,0%,0%,69.97,73.25
曲面モニター,0,0,33,0,0%,0%,76.21,0
加部島,0,0,33,16,0%,0%,85.15,84.5
lg モニター macbook,0,0,33,0,0%,0%,91.33,0
ゲストハウス 福岡市,0,0,33,33,0%,0%,100.55,100.55
阿蘇び心 福岡太宰府店,0,0,32,10,0%,0%,22.25,23.4
サイレントギター 騒音,0,0,32,0,0%,0%,67.69,0
dmm オンラインサロン 退会,0,0,32,0,0%,0%,72.75,0
ps vita テレビ出力,0,0,32,0,0%,0%,76.22,0
軽トラ diy キャンピングカー,0,0,32,3,0%,0%,76.62,66.33
コーラで錆が落ちる,0,0,31,2,0%,0%,9.61,9.5
レイコップ レンタル,0,0,31,9,0%,0%,35.45,31.67
海外 プレゼント 送る,0,0,31,0,0%,0%,39.97,0
フレンズ 英語 字幕,0,0,31,0,0%,0%,71.06,0
ハロー キティ 貸し 倉庫,0,0,31,0,0%,0%,73.03,0
looop 節約,0,0,31,0,0%,0%,83.81,0
田舎 移住 失敗,0,0,31,0,0%,0%,89.52,0
サビ コーラ,0,0,30,3,0%,0%,10.53,5
zuca pro travel,0,0,30,0,0%,0%,15.1,0
atext 使い方,0,0,30,9,0%,0%,18.83,13.44
パックタオル 比較,0,0,30,0,0%,0%,24.07,0
アコギ 消音 タオル,0,0,30,5,0%,0%,31.3,33.2
志賀島 賃貸,0,0,30,14,0%,0%,50.53,44.43
ゲストハウス 韓国 ツイン,0,0,30,0,0%,0%,73.07,0
amazon 値段 変動 keepa,0,0,30,0,0%,0%,73.4,0
うきは 観光 穴場,0,0,30,14,0%,0%,74.93,69.71
106 サウスインディアン 福岡天神店,0,0,30,5,0%,0%,85.6,92.4
博多呉服町ホステル 高谷家,0,0,30,8,0%,0%,89.63,94.75
amazon 価格推移,0,0,30,0,0%,0%,93.63,0
湾曲モニター デメリット,0,0,30,8,0%,0%,94.67,97.38
留学会社 評判,0,0,30,0,0%,0%,95.97,0
macbook バッテリー交換,0,0,30,0,0%,0%,96.77,0
うきは市 白壁,0,0,29,0,0%,0%,12.17,0
asus プロジェクター s1,0,0,29,8,0%,0%,26.17,24.25
軽トラ キャンピングカー 自作 設計図,0,0,29,2,0%,0%,33.66,91
近く の 鍵屋,0,0,29,0,0%,0%,60.45,0
コスプレ カップル,0,0,29,0,0%,0%,65.48,0
出前館 バッグ おすすめ,0,0,29,0,0%,0%,72.41,0
ルンバ 効果,0,0,29,7,0%,0%,83.14,75.14
プロジェクター ロールカーテン,0,0,29,0,0%,0%,88.93,0
デジタルノマドとしてのワーキングホリデー,0,0,29,0,0%,0%,91.9,0
softbank 格安sim,0,0,29,0,0%,0%,141.97,0
配達員様へ シール 100均,0,0,28,0,0%,0%,5.07,0
錆落とし コーラ,0,0,28,3,0%,0%,12.11,14
ロゴ隠し 布,0,0,28,0,0%,0%,18.07,0
パソコン スキンシール,0,0,28,3,0%,0%,34.14,53
キャッシュカード 磁気不良 消しゴム,0,0,28,6,0%,0%,39.18,33
髭の手入れ道具,0,0,28,0,0%,0%,55.36,0
ブログ 続け方,0,0,28,0,0%,0%,64.86,0
マウス 腱鞘炎 トラックボール,0,0,28,10,0%,0%,65,56.8
magic trackpad 2 3 違い,0,0,28,1,0%,0%,65.71,88
スクリーン代用,0,0,28,0,0%,0%,71.43,0
海外ドラマ 英語学習 netflix,0,0,28,5,0%,0%,77.46,85.2
出前館 ロゴ,0,0,28,2,0%,0%,80.18,79
福岡から釜山 格安,0,0,28,2,0%,0%,82.14,97.5
地 福 駅 賃貸,0,0,28,0,0%,0%,84.43,0
福岡 エアビー,0,0,28,0,0%,0%,88.46,0
自転車 サビ 落とし,0,0,28,1,0%,0%,91.5,97
カーテン プロジェクター,0,0,28,0,0%,0%,92,0
鍵屋 福岡,0,0,28,0,0%,0%,96.71,0
軽トラ サイズ,0,0,27,0,0%,0%,12.15,0
カメラストラップ レトロ,0,0,27,0,0%,0%,32.96,0
日本のものを海外に売る 仕事,0,0,27,0,0%,0%,33.89,0
グリシェンカフェ,0,0,27,1,0%,0%,36.67,22
台湾 旅行 言葉 話せ ない,0,0,27,14,0%,0%,38.96,41.14
福岡から韓国,0,0,27,0,0%,0%,42.67,0
フリーランス 持ち物,0,0,27,0,0%,0%,43.67,0
大橋 ランチ 個室,0,0,27,0,0%,0%,50.56,0
髭 お手入れ,0,0,27,0,0%,0%,66.59,0
ウーバーイーツ マッハバイト,0,0,27,7,0%,0%,67.41,63.86
侍エンジニア塾 記事,0,0,27,0,0%,0%,69.26,0
世界一周 留学,0,0,27,0,0%,0%,70.3,0
軽トラ 荷台 diy,0,0,27,0,0%,0%,75.7,0
サビ落とし 自転車,0,0,27,1,0%,0%,87.15,87
ノートパソコン 天板 シール 自作,0,0,26,2,0%,0%,7.23,4
リンスがない時,0,0,26,0,0%,0%,12.15,0
zuca,0,0,26,0,0%,0%,34.85,0
福岡~釜山 ビートル 料金,0,0,26,1,0%,0%,49.38,72
リゾバ デメリット,0,0,26,13,0%,0%,60.15,47.69
ワーホリ協会 評判,0,0,26,0,0%,0%,70.58,0
銀行 うきは市,0,0,26,0,0%,0%,75.96,0
福岡 釜山 ビートル 料金,0,0,26,5,0%,0%,76.19,70.4
賃貸 福岡市城南区,0,0,26,0,0%,0%,86.5,0
評判の良い 留学エージェント,0,0,26,0,0%,0%,90.19,0
釜山から福岡,0,0,26,0,0%,0%,93.54,0
au光 工事,0,0,26,0,0%,0%,147,0
コーラ 掃除 サビ,0,0,25,2,0%,0%,12.08,15
フィリピン コールセンター 仕組み,0,0,25,6,0%,0%,28.6,15.17
バイク鍵作成 激安,0,0,25,0,0%,0%,61.92,0
life packing,0,0,25,11,0%,0%,62.48,57.36
知恵袋 アフィリエイト,0,0,25,3,0%,0%,63.48,62
高城剛 まとめ,0,0,25,0,0%,0%,69.96,0
ロールスクリーン 格安,0,0,25,0,0%,0%,72.56,0
座学 意味,0,0,25,4,0%,0%,73.04,61
suzu cafe,0,0,25,0,0%,0%,78.4,0
ebay 売れたら,0,0,25,0,0%,0%,78.68,0
ブログ オンラインサロン,0,0,25,0,0%,0%,82.92,0
休学・ワーキングホリデー,0,0,25,0,0%,0%,83.12,0
リゾートバイト はじめて,0,0,25,11,0%,0%,87.32,85.09
侍エンジニア塾 キャンペーン,0,0,25,0,0%,0%,96.12,0
pc スキンシール 自作,0,0,24,12,0%,0%,4.79,4.67
リンス代用,0,0,24,0,0%,0%,9.71,0
福岡市 わらび餅 リヤカー,0,0,24,1,0%,0%,12.75,12
偽善者まじうざい,0,0,24,0,0%,0%,13.25,0
元気ジャックス 福岡,0,0,24,1,0%,0%,18.54,20
侍エンジニアブログ,0,0,24,20,0%,0%,22.67,22.5
blackberry キーボード bluetooth,0,0,24,4,0%,0%,35.21,27
ミールス 福岡,0,0,24,10,0%,0%,45.29,42.1
自転車 サビ取り クエン酸,0,0,24,9,0%,0%,52.96,50.33
大橋駅 カフェ,0,0,24,0,0%,0%,74.29,0
福岡 友達作り,0,0,24,1,0%,0%,75.42,52
guest house nakaima,0,0,24,0,0%,0%,81.54,0
海外 旅行 財布 おすすめ,0,0,24,0,0%,0%,89,0
ロックバランシング,0,0,24,8,0%,0%,90.17,84.75
tabicolle backpackers,0,0,24,6,0%,0%,91.17,89.83
自転車 錆落とし,0,0,24,0,0%,0%,92,0
ウーバーイーツ 仕切り 100均,0,0,23,1,0%,0%,30.22,44
福岡 わらび餅 屋台,0,0,23,1,0%,0%,32.13,48
ウーバー イーツ ロゴ,0,0,23,4,0%,0%,40.83,52.5
大橋駅 焼き鳥,0,0,23,0,0%,0%,47.52,0
釜山 福岡 フェリー,0,0,23,0,0%,0%,60.48,0
福岡から釜山 ビートル,0,0,23,3,0%,0%,66.04,72.67
ricoh 一眼レフ,0,0,23,0,0%,0%,70.52,0
netflix おすすめ 海外ドラマ 英語学習,0,0,23,0,0%,0%,75.22,0
髭 の 手入れ,0,0,23,0,0%,0%,75.3,0
ブルーライトカット 無料,0,0,23,5,0%,0%,76.04,74.8
ブルーライト アプリ,0,0,23,0,0%,0%,80.96,0
フィリピン留学 ワーホリ前,0,0,23,2,0%,0%,86.48,71.5
自転車のサビ落とし,0,0,23,1,0%,0%,90.39,96
アマゾンプライム 英語学習 おすすめ,0,0,23,21,0%,0%,94.83,96
留学エージェント悪質,0,0,23,1,0%,0%,97.91,100
まみこ タトゥー,0,0,22,0,0%,0%,5.14,0
わらび餅 移動販売 福岡,0,0,22,0,0%,0%,21.45,0
愚者は経験に学び、賢者は歴史に学ぶ 原文,0,0,22,1,0%,0%,30.23,32
高城剛 持ち物,0,0,22,2,0%,0%,32.18,40
ロールスクリーン 代わり,0,0,22,0,0%,0%,51.55,0
サイハテ ゲストハウス,0,0,22,6,0%,0%,57.82,53.33
曲面ディスプレイ 仕事,0,0,22,8,0%,0%,60.68,57.25
山口 県 住み込み 求人,0,0,22,0,0%,0%,71.64,0
プロジェクター カーテン,0,0,22,0,0%,0%,90.23,0
英語 勉強 ドラマ netflix,0,0,22,6,0%,0%,91.82,87.17
コーヒーショップサンボ,0,0,22,12,0%,0%,94.55,96.33
社会人サークル 国際交流会,0,0,22,0,0%,0%,95.91,0
mamiko タトゥー,0,0,21,0,0%,0%,6.62,0
iphone 物理キーボード,0,0,21,0,0%,0%,7.52,0
日本のゲストハウス,0,0,21,12,0%,0%,18.9,18
軽トラ キャンピングカー 自作,0,0,21,0,0%,0%,20,0
zenbeam,0,0,21,8,0%,0%,30.76,32.5
空港 出迎え ボード,0,0,21,10,0%,0%,32.1,31.8
gopro session 5,0,0,21,1,0%,0%,37.29,70
ノートパソコン スキンシール,0,0,21,0,0%,0%,42.14,0
progate プリペイドカード,0,0,21,0,0%,0%,60.24,0
looopでんき 安い,0,0,21,16,0%,0%,77.29,77.19
面白い外国人,0,0,21,3,0%,0%,78.43,73
uberロゴ,0,0,21,5,0%,0%,78.9,80.2
ハロウィン カップル,0,0,21,2,0%,0%,82.33,81.5
福岡から釜山 船,0,0,21,7,0%,0%,82.71,81.43
airbnb 福岡,0,0,21,0,0%,0%,84.1,0
和白 賃貸,0,0,21,0,0%,0%,85.19,0
amazon 価格推移 chrome,0,0,21,0,0%,0%,90.29,0
セブンイレブン 1000円ぴったり,0,0,20,0,0%,0%,21.3,0
座学が苦手,0,0,20,3,0%,0%,25.65,22.33
大橋 自由鳥,0,0,20,3,0%,0%,37.3,36.33
ミニ三脚 最強,0,0,20,4,0%,0%,64.8,40.25
偽善者 意味,0,0,20,0,0%,0%,80.35,0
バイク サビ 取り,0,0,20,1,0%,0%,84.95,100
韓国 人気 ゲストハウス,0,0,20,0,0%,0%,86.3,0
偽善者とはどんな人,0,0,20,0,0%,0%,90.95,0
ロールカーテン スクリーン プロジェクター,0,0,20,0,0%,0%,92.55,0
湾曲モニター 意味 ない,0,0,20,0,0%,0%,95,0
netflix 英語学習 おすすめ,0,0,20,10,0%,0%,99.4,103.8
サビ落とし コーラ,0,0,19,0,0%,0%,12.84,0
行集談四朗商店,0,0,19,0,0%,0%,25,0
座学 苦手,0,0,19,1,0%,0%,27.84,19
プロジェクタースクリーン 代用 ニトリ,0,0,19,3,0%,0%,36.37,37
bb q20 keyboard,0,0,19,3,0%,0%,41.37,39.67
台湾 セブンイレブン キャラクター,0,0,19,4,0%,0%,45.16,55.25
ティピー 作り方,0,0,19,3,0%,0%,55.26,46.67
福岡 サークル 友達作り,0,0,19,1,0%,0%,57.16,32
自由鳥,0,0,19,3,0%,0%,59.68,38.33
軽トラ diy 荷台,0,0,19,0,0%,0%,61.21,0
ebayで売れるもの,0,0,19,0,0%,0%,78.68,0
海外で売れる日本製品,0,0,19,0,0%,0%,86.47,0
シャンプー 代わり,0,0,19,7,0%,0%,88.89,84.86
遮光カーテン プロジェクター,0,0,19,1,0%,0%,90.11,97
美野島商店街,0,0,19,0,0%,0%,91.37,0
ブルーライト カット ソフト,0,0,19,4,0%,0%,92.05,85.75
keepa 見方,0,0,19,0,0%,0%,97.05,0
エスペラント語 人名,0,0,18,0,0%,0%,6.06,0
福岡 韓国 船 格安,0,0,18,0,0%,0%,11.11,0
ジブリカップル,0,0,18,0,0%,0%,21.33,0
突っ張り棒 縦 天井,0,0,18,0,0%,0%,32.17,0
自転車 ロゴ 隠す,0,0,18,4,0%,0%,37.83,44.75
髭 手入れ 道具,0,0,18,2,0%,0%,51.83,41
ランゲージエクスチェンジ,0,0,18,0,0%,0%,54.56,0
ギター 騒音対策,0,0,18,1,0%,0%,54.94,69
千石峡 川遊び,0,0,18,2,0%,0%,57.72,54.5
突っ張り棒 柱,0,0,18,0,0%,0%,60.5,0
テレパシー 英語,0,0,18,10,0%,0%,63.89,56.3
アブサント,0,0,18,0,0%,0%,70.17,0
ハロウィン カップル 仮装,0,0,18,0,0%,0%,72.89,0
ps vita tv,0,0,18,0,0%,0%,82,0
箱崎 ガーデン,0,0,18,14,0%,0%,84,96
ゲストハウス 韓国 1人,0,0,18,4,0%,0%,94.11,99.75
ノマドクロス天神,0,0,18,0,0%,0%,94.5,0
amazon 価格推移 アプリ,0,0,18,0,0%,0%,94.72,0
パズーコスプレ,0,0,17,0,0%,0%,1,0
メッセンジャーバッグ マジックテープ 改造,0,0,17,4,0%,0%,8.94,33
うきは 無料駐車場,0,0,17,0,0%,0%,10.94,0
志賀島 一軒家 賃貸,0,0,17,0,0%,0%,11.41,0
リュックのロゴを消す,0,0,17,0,0%,0%,12.65,0
錆 コーラ,0,0,17,3,0%,0%,14.82,19
コーラ サビ取り 原理,0,0,17,0,0%,0%,15.65,0
zuca 機内持ち込み,0,0,17,0,0%,0%,19.35,0
愚者は経験に学び、賢者は歴史に学ぶ 英語,0,0,17,0,0%,0%,22.82,0
ゲストハウス 中今,0,0,17,2,0%,0%,45,51
トラックパッド 腱鞘炎,0,0,17,4,0%,0%,52.18,44.5
ヨカラボ,0,0,17,0,0%,0%,57,0
突っ張り棒で棚を作る 縦,0,0,17,5,0%,0%,58.71,47.6
やらない善よりやる偽善 英語,0,0,17,0,0%,0%,69.47,0
海外ドラマ英語学習netflix,0,0,17,17,0%,0%,78.35,78.35
web認印,0,0,17,0,0%,0%,78.65,0
ギター 室内練習,0,0,17,0,0%,0%,80.65,0
スズカフェ,0,0,17,0,0%,0%,81.59,0
自転車 サビ取り ダイソー,0,0,17,0,0%,0%,83.41,0
nativecamp cm,0,0,17,0,0%,0%,84.76,0
福岡 明太子 食べ放題,0,0,17,0,0%,0%,85.82,0
天神 会議室 格安,0,0,17,0,0%,0%,86.47,0
amazon 価格推移 keepa,0,0,17,0,0%,0%,87.76,0
自転車サビ取り,0,0,17,1,0%,0%,88.18,99
引っ越し うきは市,0,0,17,11,0%,0%,95.29,98.82
コ ワーキング スペース 福岡,0,0,17,17,0%,0%,98.41,98.41
モーニングページ,0,0,16,0,0%,0%,6.38,0
やる偽善 うざい,0,0,16,0,0%,0%,13.69,0
ブックスキャン プレミアム会員ライト,0,0,16,9,0%,0%,15.06,15
gopro hero5 session,0,0,16,0,0%,0%,15.75,0
ricohgr2,0,0,16,0,0%,0%,18.5,0
香春町 事故 ツイッター,0,0,16,2,0%,0%,36.06,29.5
openちゃん 台湾 セブンイレブン,0,0,16,0,0%,0%,51.12,0
福岡 から 釜山,0,0,16,0,0%,0%,74.5,0
福岡 フェリー 韓国,0,0,16,8,0%,0%,81.44,91.12
ビートル 韓国,0,0,16,4,0%,0%,82.5,83.75
福岡バックパッカーズホステル,0,0,16,3,0%,0%,82.94,77
ネットフリックス ドラマ 英語,0,0,16,3,0%,0%,86.75,77.67
ロールスクリーン プロジェクター,0,0,16,0,0%,0%,90.06,0
近くの鍵屋さん,0,0,16,0,0%,0%,93.31,0
macbook 電池交換,0,0,16,0,0%,0%,94.31,0
ブルーライトカットアプリ,0,0,16,3,0%,0%,95.88,93.67
電子印鑑 web,0,0,16,0,0%,0%,95.88,0
バイク 寒さ 対策,0,0,16,0,0%,0%,109.38,0
外国人と交流できる場所,0,0,15,5,0%,0%,8.4,7.4
癖の強いお酒,0,0,15,14,0%,0%,9.8,10.29
hero5 session,0,0,15,0,0%,0%,15,0
プロジェクタースクリーン カーテン 代わり,0,0,15,1,0%,0%,21.07,53
ウーバーイーツ マーク,0,0,15,1,0%,0%,25,59
自由鳥 大橋,0,0,15,2,0%,0%,37.67,39.5
偽善者ぶる,0,0,15,0,0%,0%,40.93,0
ビートル 釜山 料金,0,0,15,3,0%,0%,53,74.33
アンダーザドーム amazonプライム,0,0,15,0,0%,0%,54.13,0
スカイスキャナー いつが安い,0,0,15,0,0%,0%,55.6,0
藍島 行き方,0,0,15,5,0%,0%,56.4,47.2
psvita 大画面,0,0,15,1,0%,0%,57.13,28
韓国 船で行く,0,0,15,0,0%,0%,67.67,0
外国人 面白い,0,0,15,2,0%,0%,69.6,86.5
天井 突っ張り 棚 diy,0,0,15,6,0%,0%,73,70.33
釜山 福岡,0,0,15,0,0%,0%,74.4,0
門司 港 バイト,0,0,15,0,0%,0%,80.2,0
海外旅行財布 おすすめ,0,0,15,0,0%,0%,81.13,0
福岡 airbnb,0,0,15,0,0%,0%,81.2,0
門司港 バイト,0,0,15,0,0%,0%,82.53,0
ebay ゲーム 売れない,0,0,15,0,0%,0%,85,0
曲面モニター メリット,0,0,15,6,0%,0%,86.87,97
福 大 前 駅 賃貸,0,0,15,0,0%,0%,89.8,0
うきは市 引越し,0,0,15,4,0%,0%,90.2,100.75
鍵屋さん近く,0,0,15,0,0%,0%,92.2,0
引っ越ししやすい 本棚,0,0,15,8,0%,0%,95.13,96.25
hulu フレンズ,0,0,15,0,0%,0%,97.4,0
ゲストハウス 門司港,0,0,15,3,0%,0%,98.27,99
ゲストハウス 福岡県,0,0,15,14,0%,0%,99,101.36
英語勉強ドラマnetflix,0,0,13,13,0%,0%,82.15,82.15
プロジェクタースクリーン 模造紙,0,0,14,12,0%,0%,43.57,44.5
asus 小型ミニ プロジェクターs1,0,0,11,11,0%,0%,13,13
モノオク 料金,0,0,10,10,0%,0%,94.8,94.8
ネットフリックス英語学習おすすめ,0,0,10,10,0%,0%,95.6,95.6
アマゾン 韓国ドラマ おすすめ,0,0,10,10,0%,0%,98.2,98.2
netflix英語学習おすすめドラマ,0,0,9,9,0%,0%,94.44,94.44
ブックスキャン,0,0,8,8,0%,0%,59.12,59.12
バイク通勤 防寒,0,0,8,7,0%,0%,45.12,45.29
髭 手入れ,0,0,7,7,0%,0%,88.86,88.86
天神 コワーキングスペース 無料,0,0,10,7,0%,0%,95.7,94.71
塞翁が馬 ことわざ,0,0,14,7,0%,0%,96.79,97.29
netflix英語学習おすすめ,0,0,7,7,0%,0%,98.43,98.43
ゲストハウス 相場,0,0,13,6,0%,0%,50.31,33
キャリーケース zuca,0,0,7,6,0%,0%,36.43,37
かどや アイス,0,0,7,6,0%,0%,41.71,41.83
マンション ギター 練習,0,0,10,6,0%,0%,51.4,52.33
リゾバ メリット,0,0,9,6,0%,0%,60.33,58.83
まみこ,0,0,6,6,0%,0%,63.17,63.17
突っ張り棒 縦に使う,0,0,6,6,0%,0%,69.33,69.33
uber eats logo,0,0,12,6,0%,0%,81.33,77.17
台湾 自転車 一周,0,0,12,6,0%,0%,81.75,79.83
曲面ディスプレイ メリット,0,0,13,6,0%,0%,85.38,90.83
博多ゲストハウス,0,0,10,6,0%,0%,92.3,94.33
吉井 白壁の町並み 駐車場,0,0,11,5,0%,0%,12.64,13.6
軽トラ シェル 価格,0,0,5,5,0%,0%,14.2,14.2
ゲストハウス セキュリティ,0,0,14,5,0%,0%,19.29,20.2
ティピー 焚き火,0,0,7,5,0%,0%,28.14,28.8
zuca travel,0,0,13,5,0%,0%,43.08,37.4
マグネット マジックテープ,0,0,13,5,0%,0%,39.85,38.2
kintone npo,0,0,11,5,0%,0%,51.73,51.8
マジックトラックパッド 2 3 違い,0,0,5,5,0%,0%,67.2,67.2
やきとり・らくだ(駱駝),0,0,8,5,0%,0%,75.75,74.2
福岡 釜山 フェリー 料金,0,0,11,5,0%,0%,56.82,74.4
英語 学習 ドラマ おすすめ amazonプライム,0,0,8,5,0%,0%,79.25,77
コスプレ ハロウィン おすすめ,0,0,8,5,0%,0%,85.62,83.2
ubereats ロゴ,0,0,6,5,0%,0%,83.83,84.6
au光 撤去工事,0,0,10,5,0%,0%,85.7,85.2
湾曲モニターデメリット,0,0,11,5,0%,0%,95.27,96.4
湾曲 モニター デメリット,0,0,13,5,0%,0%,95.46,98
猫島 行きやすい,0,0,6,5,0%,0%,98.67,98.8
座禅クッション 代用,0,0,9,4,0%,0%,16.56,18.5
ランサーズ 提案 キャンセル,0,0,6,4,0%,0%,35.5,34
言語交換 続かない,0,0,10,4,0%,0%,62.7,37
阿蘇 安宿,0,0,9,4,0%,0%,34.11,37.75
asus zenbeam,0,0,8,4,0%,0%,44.62,46.75
ティピーテント 作り方,0,0,9,4,0%,0%,22.22,47.75
vita tvとは,0,0,7,4,0%,0%,55.29,51
コンデジ センサー ゴミ,0,0,10,4,0%,0%,66.9,51.5
コスプレ カップル 人気,0,0,10,4,0%,0%,56,54
ウルトラワイド デメリット,0,0,9,4,0%,0%,55.22,55.5
バイク通勤 冬,0,0,7,4,0%,0%,59.29,61.25
かどや 美野島,0,0,6,4,0%,0%,66.5,61.5
面白い 外国 人 フリー 素材 おもしろ,0,0,7,4,0%,0%,70.29,63
シャンプーの代わり,0,0,11,4,0%,0%,63.64,63.75
imac macbook 2台持ち,0,0,12,4,0%,0%,65.92,66
真美子,0,0,8,4,0%,0%,74.12,74
外国人面白い,0,0,11,4,0%,0%,76.73,75.25
auひかり 解約 撤去しない,0,0,13,4,0%,0%,79.92,79
福岡 朝ごはん 明太子食べ放題,0,0,8,4,0%,0%,84.62,81
台湾 一周 自転車,0,0,7,4,0%,0%,80.14,82.25
カメラレンタル 福岡,0,0,12,4,0%,0%,79.17,84
ミラーレス 星空 設定,0,0,8,4,0%,0%,87,85.25
looopでんき 基本料金,0,0,13,4,0%,0%,79.23,86
面白い 外国 人,0,0,8,4,0%,0%,83.62,89.5
天神コワーキングスペース,0,0,7,4,0%,0%,90.43,90.25
天神 ワーキングスペース 無料,0,0,5,4,0%,0%,93.4,92
釜山 福岡 発,0,0,10,4,0%,0%,98.6,98.25
福岡市中央区 ゲストハウス,0,0,9,4,0%,0%,101.44,101.75
志賀島 読み方,0,0,4,3,0%,0%,21.25,1.67
フレンズ 英語 ペラペラ,0,0,4,3,0%,0%,22,19.67
空港出迎え ボード,0,0,12,3,0%,0%,31.75,29.67
志賀島 空き家 プロジェクト,0,0,13,3,0%,0%,17.54,30.67
華麗なる遺産 amazonプライム,0,0,3,3,0%,0%,33,33
リンス お湯に溶かす,0,0,3,3,0%,0%,34.67,34.67
突っ張り棒で壁を作る,0,0,7,3,0%,0%,39.43,38
ミニギター 音量,0,0,13,3,0%,0%,25.62,42.67
突っ張り棒縦棚作り方,0,0,9,3,0%,0%,54.33,45.67
髭 手入れ グッズ,0,0,8,3,0%,0%,61.25,47.33
diy 突っ張り棒 壁,0,0,12,3,0%,0%,50.92,47.67
ミニキーボード iphone,0,0,3,3,0%,0%,49.33,49.33
突っ張り棒 縦 棚 diy,0,0,3,3,0%,0%,53.33,53.33
スキンシール pc,0,0,12,3,0%,0%,47.42,53.67
ティピー テント 作り方,0,0,5,3,0%,0%,65.8,55.33
テレパシー英語,0,0,4,3,0%,0%,66.75,55.33
韓国旅行 福岡 ビートル,0,0,10,3,0%,0%,55.7,55.33
福太郎 明太子ランチ,0,0,3,3,0%,0%,55.67,55.67
福岡から韓国 日帰り,0,0,4,3,0%,0%,65.5,57
ロールスクリーン プロジェクター ニトリ,0,0,14,3,0%,0%,67.64,58
シータ ジブリ コスプレ,0,0,5,3,0%,0%,47.8,59.67
高速船ビートル 料金,0,0,7,3,0%,0%,63,61.33
エレキギター 騒音対策,0,0,10,3,0%,0%,57.1,62
美野島 かどや,0,0,4,3,0%,0%,74,66.33
ガジェット レンタル,0,0,14,3,0%,0%,71.21,70.33
macbook ipad スタンド,0,0,3,3,0%,0%,72.67,72.67
自転車 手入れ さび,0,0,5,3,0%,0%,81,77.33
福岡 川 バーベキュー,0,0,7,3,0%,0%,86.57,82.67
ハロウィンコス おすすめ,0,0,6,3,0%,0%,88.83,87
気が滅入った時,0,0,6,3,0%,0%,81.17,88.67
貴重品管理,0,0,4,3,0%,0%,91.75,92.33
シャンプーしない リンスだけ,0,0,4,3,0%,0%,90.5,94
福岡 コワーキングスペース,0,0,5,3,0%,0%,97.6,97
デビットカード 磁気不良,0,0,8,3,0%,0%,95.88,97.33
ネットフリックス 英語学習 おすすめ,0,0,5,3,0%,0%,96.6,97.67
福岡 ワーキングスペース,0,0,3,3,0%,0%,99.33,99.33
加部島 宿泊,0,0,3,3,0%,0%,101,101
志賀島読み方,0,0,2,2,0%,0%,1,1
e1 s1,0,0,12,2,0%,0%,5.83,5.5
丸亀市 うどん,0,0,2,2,0%,0%,6.5,6.5
よっせんす,0,0,13,2,0%,0%,17.92,8
エアカナダ 荷物 厳しい,0,0,2,2,0%,0%,8.5,8.5
百均 ウーバーイーツ,0,0,2,2,0%,0%,15.5,15.5
サビ取り コーラ,0,0,4,2,0%,0%,16.25,16.5
フードデリバリー ロゴ,0,0,2,2,0%,0%,17,17
ちんぷんかんぷん 大橋,0,0,4,2,0%,0%,34.75,22.5
macbook air 2台持ち,0,0,3,2,0%,0%,32,24
ウーバーイーツ 100均,0,0,6,2,0%,0%,13.67,26
志賀島 カレー,0,0,4,2,0%,0%,58.75,26
旅するノマドブロガー,0,0,2,2,0%,0%,31,31
大橋 カフェ おしゃれ,0,0,5,2,0%,0%,45.6,31.5
キャッシュカード セロテープ,0,0,6,2,0%,0%,42.67,33
海外の友達の家に泊まる,0,0,4,2,0%,0%,30.5,33
モバイルハウス 自作,0,0,3,2,0%,0%,38.33,34
台湾 英語話せない,0,0,2,2,0%,0%,35,35
ホステル 荷物管理,0,0,4,2,0%,0%,41.75,37
ランチパスポート 福岡,0,0,12,2,0%,0%,42.25,37.5
エスペラント語 話せる人,0,0,12,2,0%,0%,22.5,38.5
gopro hero session5,0,0,2,2,0%,0%,39,39
知恵袋に似たサイト,0,0,2,2,0%,0%,40,40
アブサント アブサン 違い,0,0,2,2,0%,0%,42,42
ゲストハウス スーツケース,0,0,3,2,0%,0%,43.67,42
宇宙好き プレゼント,0,0,5,2,0%,0%,60.6,42
人生万事塞翁が馬 人間万事塞翁が馬 どっち,0,0,4,2,0%,0%,64.75,42.5
ゲストハウス 持ち物,0,0,6,2,0%,0%,47.33,44
アコギ 練習 うるさい,0,0,11,2,0%,0%,43.82,45
プロジェクタースクリーン 布 自作,0,0,10,2,0%,0%,24.6,46.5
空港 出迎え プラカード,0,0,2,2,0%,0%,46.5,46.5
gopro 5 session,0,0,10,2,0%,0%,45.6,48
焼き鳥 大橋,0,0,12,2,0%,0%,60.92,49.5
カメラ スキンシール 自作,0,0,2,2,0%,0%,54.5,54.5
偽善ぶる 意味,0,0,2,2,0%,0%,54.5,54.5
日本 ドミトリー,0,0,4,2,0%,0%,37.5,55
台湾 日本語しか話せない,0,0,6,2,0%,0%,55.33,55.5
モニター ウルトラワイド デメリット,0,0,2,2,0%,0%,56,56
バイク通勤 寒さ対策,0,0,5,2,0%,0%,51.2,56.5
福岡 明太子食べ放題 ランチ,0,0,14,2,0%,0%,81.07,56.5
回線撤去工事 立会い不要,0,0,14,2,0%,0%,56.86,57
ピクニック 遊び道具 大人,0,0,8,2,0%,0%,34.25,57.5
賢者は歴史に学ぶ 意味,0,0,10,2,0%,0%,42,57.5
福岡 ソウル 船,0,0,7,2,0%,0%,76,59.5
オーストラリア留学ネット 口コミ,0,0,3,2,0%,0%,68,60.5
コスプレ 安価,0,0,6,2,0%,0%,65.83,62
life packing 60,0,0,3,2,0%,0%,55.67,63
ラック 組み立て式,0,0,7,2,0%,0%,59.86,63
滅入ってしまう,0,0,5,2,0%,0%,59.4,63.5
英語 勉強 ドラマ amazon,0,0,3,2,0%,0%,73.67,63.5
mac mini macbook air 2台持ち,0,0,2,2,0%,0%,66.5,66.5
ec technology bluetooth keyboard,0,0,9,2,0%,0%,76.89,68.5
ウーバーロゴ,0,0,9,2,0%,0%,69,69.5
手遊び おもちゃ,0,0,8,2,0%,0%,60.5,69.5
わらびもち 移動販売,0,0,8,2,0%,0%,50.5,71
モーニングページ ネガティブ,0,0,2,2,0%,0%,71,71
ランサーズ コンペ 参加報酬,0,0,2,2,0%,0%,71,71
エスペラント語 宮沢賢治,0,0,5,2,0%,0%,31.8,72
海外ドラマ 英語学習 amazonプライム,0,0,12,2,0%,0%,74.33,73
移動販売 わらび餅,0,0,7,2,0%,0%,43.57,73
auひかり撤去工事,0,0,3,2,0%,0%,78.67,73.5
面白い 外国人,0,0,6,2,0%,0%,70.5,75
うきは 観光スポット,0,0,9,2,0%,0%,77.56,76
エスペラント語 考案者,0,0,3,2,0%,0%,51,76
シャンプー代わり,0,0,9,2,0%,0%,83.56,76
aipcafe,0,0,11,2,0%,0%,77,77
博多 わらびもち,0,0,3,2,0%,0%,85,77
福岡から釜山フェリー,0,0,4,2,0%,0%,75.25,77
福岡韓国フェリー,0,0,10,2,0%,0%,55.8,77
macbook 引き取り,0,0,4,2,0%,0%,82.75,77.5
台湾一周 自転車,0,0,10,2,0%,0%,80.3,78
曲面ディスプレイ 見にくい,0,0,8,2,0%,0%,70.88,79
リゾートバイト メリット デメリット,0,0,9,2,0%,0%,58.56,79.5
星空撮影 ミラーレス 設定,0,0,6,2,0%,0%,83.5,80.5
ミラーレス一眼 星空,0,0,2,2,0%,0%,81,81
マジックトラックパッド 違い,0,0,2,2,0%,0%,82,82
合鍵 福岡県,0,0,2,2,0%,0%,84.5,84.5
星空撮影 ミラーレス,0,0,4,2,0%,0%,91.5,85.5
福岡から韓国 フェリー 時間,0,0,10,2,0%,0%,58.6,86.5
天神 コワーキング,0,0,2,2,0%,0%,87.5,87.5
阿蘇び心阿蘇店,0,0,3,2,0%,0%,92.67,87.5
曲面モニター 仕事,0,0,11,2,0%,0%,90.36,88
looop でんき 基本料金,0,0,5,2,0%,0%,84.4,89
福大周辺,0,0,4,2,0%,0%,85.75,89.5
福岡から釜山船,0,0,8,2,0%,0%,79.62,90.5
mini bt keyboard,0,0,2,2,0%,0%,92,92
フリーランス デスク,0,0,11,2,0%,0%,80.73,92
焚き火 自作,0,0,2,2,0%,0%,93.5,93.5
アプリ リゾバ,0,0,3,2,0%,0%,93.67,94
ループ電気 安い,0,0,3,2,0%,0%,94.67,94
英語学習 netflix おすすめ,0,0,2,2,0%,0%,94.5,94.5
ネイティブキャンプ 無料体験 やり方,0,0,2,2,0%,0%,95,95
プロジェクター スクリーン 自作,0,0,2,2,0%,0%,95,95
真美子 身長,0,0,2,2,0%,0%,96,96
引っ越し しやすい 本棚,0,0,5,2,0%,0%,94,96.5
台湾 旅行 日本語,0,0,3,2,0%,0%,88.67,97.5
ナイトレスト おすすめ,0,0,6,2,0%,0%,94.83,98
netflix 英語 学習 おすすめ,0,0,3,2,0%,0%,99,98.5
福岡 コ ワーキング スペース,0,0,3,2,0%,0%,97,98.5
ブルーライトカット アプリ,0,0,11,2,0%,0%,97.73,99
css 疑似クラス 複数,0,0,1,1,0%,0%,1,1
ウーバーバック サイズ,0,0,8,1,0%,0%,3,1
エスペラント語 人口,0,0,6,1,0%,0%,40.67,1
フリック入力 早くする方法,0,0,1,1,0%,0%,1,1
台湾語 こんにちわ,0,0,1,1,0%,0%,1,1
四回転フリップ 飛べる人,0,0,1,1,0%,0%,1,1
四回転ルッツ 飛べる人,0,0,1,1,0%,0%,1,1
facebook スレッド 使い方,0,0,1,1,0%,0%,2,2
shortkeys 使い方,0,0,1,1,0%,0%,2,2
エアカナダ 機内食,0,0,2,1,0%,0%,2,2
エア・カナダ 機内食,0,0,1,1,0%,0%,2,2
オイラー フィギュア,0,0,1,1,0%,0%,2,2
ダブルオイラー,0,0,1,1,0%,0%,2,2
ポートセルミ 落書き,0,0,1,1,0%,0%,2,2
金比羅 天狗お守り,0,0,1,1,0%,0%,2,2
m575 ショートカット,0,0,1,1,0%,0%,3,3
タッチペン スタイラスペン 違い,0,0,1,1,0%,0%,3,3
ドラクエ2 福引券 当て方,0,0,1,1,0%,0%,3,3
バックスペースキー 割り当て,0,0,1,1,0%,0%,3,3
谷川米穀店 駐車場,0,0,1,1,0%,0%,3,3
skyscanaer,0,0,3,1,0%,0%,3.33,4
こんぴらさん 神馬,0,0,1,1,0%,0%,4,4
香川うどんランキング 丸亀,0,0,1,1,0%,0%,5,5
がもううどん 頼み方,0,0,1,1,0%,0%,6,6
エアカナダ 機内,0,0,1,1,0%,0%,6,6
丸亀 うどん おすすめ,0,0,1,1,0%,0%,6,6
言語交換会,0,0,3,1,0%,0%,33.33,6
讃岐弁 特徴,0,0,1,1,0%,0%,6,6
丸亀市 うどん 美味しい 店,0,0,1,1,0%,0%,7,7
人と交流できる場所,0,0,5,1,0%,0%,6.2,7
ipad イラスト 手が当たる,0,0,1,1,0%,0%,8,8
本格手打 あかみち メニュー,0,0,1,1,0%,0%,8,8
香川うどんランキング 地元,0,0,3,1,0%,0%,8.33,8
日本で日本で,0,0,1,1,0%,0%,9,9
ライトハウスコーヒー 大橋,0,0,1,1,0%,0%,10,10
外国人サークル,0,0,4,1,0%,0%,12,10
nec ルーター active 消灯,0,0,1,1,0%,0%,11,11
アソビゴコロ 倉敷,0,0,1,1,0%,0%,11,11
国際交流の場,0,0,1,1,0%,0%,11,11
ノートパソコン スキンシール 貼り方,0,0,5,1,0%,0%,32.6,12
真美子さん 仕事,0,0,2,1,0%,0%,16,12
福岡 ロシア人,0,0,3,1,0%,0%,15.33,12
軽トラ キャンピング シェル 価格,0,0,1,1,0%,0%,12,12
リッチモンド,0,0,1,1,0%,0%,13,13
軽トラハウス値段,0,0,1,1,0%,0%,13,13
坐禅座布団,0,0,1,1,0%,0%,14,14
空港 お迎え プレゼント,0,0,1,1,0%,0%,14,14
大人 ピクニック,0,0,1,1,0%,0%,15,15
アコースティックギター 家で練習,0,0,3,1,0%,0%,39.67,18
レオマプール,0,0,1,1,0%,0%,18,18
日本の面白い,0,0,4,1,0%,0%,15.75,18
海外 家に泊まる,0,0,1,1,0%,0%,18,18
うきは 白壁通り 食べ歩き,0,0,1,1,0%,0%,19,19
志賀島 メガネカレー,0,0,1,1,0%,0%,19,19
0円 留学,0,0,1,1,0%,0%,20,20
blackberry keyboard bluetooth,0,0,5,1,0%,0%,60.4,20
gopro hero5 session 撮影時間,0,0,5,1,0%,0%,27.2,20
ゲストハウス 盗難,0,0,2,1,0%,0%,27.5,20
外国人 イベント 福岡,0,0,5,1,0%,0%,17.8,20
民泊 日本人向け,0,0,14,1,0%,0%,31.93,20
bbq20 キーボード,0,0,1,1,0%,0%,21,21
キャンピングシェル 軽トラ,0,0,1,1,0%,0%,22,22
大人のピクニック,0,0,1,1,0%,0%,22,22
座禅クッション ニトリ,0,0,1,1,0%,0%,22,22
軽トラ シェル,0,0,1,1,0%,0%,22,22
選択肢がない ことわざ,0,0,1,1,0%,0%,22,22
gr2 スマホ 転送,0,0,1,1,0%,0%,23,23
軽トラ 荷台 キャンピング,0,0,1,1,0%,0%,23,23
日本人しか泊まれないホテル,0,0,1,1,0%,0%,24,24
言語交換 イベント,0,0,1,1,0%,0%,26,26
bb keyboard,0,0,1,1,0%,0%,27,27
ウーバーイーツ シール,0,0,4,1,0%,0%,33.25,27
香川 うどん,0,0,1,1,0%,0%,27,27
フリーバード大橋,0,0,7,1,0%,0%,33.71,28
羊の脳みそ 料理,0,0,13,1,0%,0%,38.77,28
おーぷんちゃん,0,0,4,1,0%,0%,24.5,30
髭を整える道具,0,0,13,1,0%,0%,68.46,30
u3419w,0,0,5,1,0%,0%,34,31
夫婦 コスプレ おすすめ,0,0,14,1,0%,0%,24.36,31
知恵袋みたいなサイト,0,0,5,1,0%,0%,61.6,31
psvita ぷよぷよ,0,0,1,1,0%,0%,32,32
blackberry q20 keyboard,0,0,1,1,0%,0%,33,33
ハンドスピナー 効果 ストレス,0,0,3,1,0%,0%,42,34
軽トラ モバイルハウス 自作,0,0,1,1,0%,0%,34,34
アコギ 音抑える,0,0,4,1,0%,0%,80,35
左利きになる方法 字,0,0,1,1,0%,0%,36,36
ハンドスピナー 集中力,0,0,3,1,0%,0%,48,37
突っ張り棒 賃貸 天井,0,0,3,1,0%,0%,29.33,37
軽トラ ハウス 自作,0,0,3,1,0%,0%,39.67,37
天体 プレゼント,0,0,2,1,0%,0%,34.5,38
福岡 ミールス,0,0,2,1,0%,0%,44.5,39
賢者は歴史に学ぶ 英語,0,0,7,1,0%,0%,22.71,39
ロールスクリーン 代用,0,0,6,1,0%,0%,33.83,40
収納ラック 組み立て式,0,0,1,1,0%,0%,42,42
知恵袋 似たサイト,0,0,1,1,0%,0%,42,42
星好き プレゼント,0,0,3,1,0%,0%,66,43
軽トラ キャンパーシェル,0,0,1,1,0%,0%,43,43
エレキギター 音 小さくする,0,0,3,1,0%,0%,44.33,44
石積みアート コツ,0,0,1,1,0%,0%,44,44
軽トラ キャンピングカー シェル,0,0,1,1,0%,0%,44,44
髭整える道具,0,0,5,1,0%,0%,72.2,44
コスプレ ハロウィン カップル,0,0,3,1,0%,0%,55.67,45
福岡からソウル 船,0,0,2,1,0%,0%,54.5,46
英語学習 フレンズ以外,0,0,1,1,0%,0%,46,46
ebay 不用品を売る,0,0,2,1,0%,0%,45.5,47
gr センサー ゴミ,0,0,2,1,0%,0%,48.5,47
trackpad2,0,0,3,1,0%,0%,43.33,47
x100f レンタル,0,0,1,1,0%,0%,47,47
ダッシュ タイピング,0,0,1,1,0%,0%,48,48
looop でんき 安い,0,0,3,1,0%,0%,62.67,49
ウーバーイーツロゴ,0,0,12,1,0%,0%,43.5,49
uber eatsロゴ,0,0,2,1,0%,0%,46.5,50
アコギ 家 うるさい,0,0,2,1,0%,0%,39,50
軽トラ 荷台 家,0,0,7,1,0%,0%,41.43,52
アコギ 家で練習,0,0,1,1,0%,0%,53,53
vitatv 非対応ソフト 一覧,0,0,2,1,0%,0%,51,54
湯シャン リンスは,0,0,6,1,0%,0%,53.17,54
突っ張り 壁 diy,0,0,5,1,0%,0%,58.8,54
vita to tv,0,0,1,1,0%,0%,55,55
阿蘇び心熊本店,0,0,5,1,0%,0%,47.6,55
macbook 二台持ち,0,0,11,1,0%,0%,48.64,57
アップルウォッチ 使わなくなった,0,0,3,1,0%,0%,56.67,57
リゾートバイト メリットデメリット,0,0,6,1,0%,0%,77.67,57
羊の脳みそ,0,0,3,1,0%,0%,66.67,57
ベータス,0,0,10,1,0%,0%,65.7,58
福岡 ソウル フェリー,0,0,7,1,0%,0%,72.14,58
髭 伸ばす 手入れ,0,0,1,1,0%,0%,59,59
ロールカーテン 代用,0,0,1,1,0%,0%,60,60
auひかり 撤去工事 連絡来ない,0,0,3,1,0%,0%,64,61
psvita テレビに映す,0,0,1,1,0%,0%,61,61
ウーバーイーツ カバンなし,0,0,2,1,0%,0%,56,61
フィリピン留学 後悔,0,0,9,1,0%,0%,64.11,61
ホステル 日本,0,0,7,1,0%,0%,82.71,61
福岡 釜山 格安チケット,0,0,1,1,0%,0%,62,62
ロードバイク サビ取り,0,0,6,1,0%,0%,55.5,63
ウーバーイーツ バイト カバン,0,0,1,1,0%,0%,64,64
エスペラント語 一覧,0,0,6,1,0%,0%,46.67,64
ランチパスポート ひどい,0,0,1,1,0%,0%,64,64
屋台 わらび餅,0,0,7,1,0%,0%,48.71,64
屋台わらび餅,0,0,1,1,0%,0%,64,64
プロジェクター スクリーンの代わり,0,0,5,1,0%,0%,67.6,65
プロジェクター ロールスクリーン,0,0,5,1,0%,0%,80.2,65
天井からの突っ張り棒,0,0,2,1,0%,0%,68.5,65
泊めてあげる,0,0,2,1,0%,0%,80.5,65
ガジェットレンタル,0,0,2,1,0%,0%,71.5,66
人生はコンテンツ,0,0,2,1,0%,0%,37.5,66
博多 わらび餅,0,0,6,1,0%,0%,63.83,66
博多わらび餅,0,0,7,1,0%,0%,36.14,66
突っ張り 棒 縦 に 使う,0,0,1,1,0%,0%,66,66
ヨス ブログ,0,0,8,1,0%,0%,85.38,67
福岡から韓国フェリー,0,0,7,1,0%,0%,75.71,67
fire tv stick プロジェクター,0,0,11,1,0%,0%,71.73,68
福岡 大橋 焼き鳥,0,0,7,1,0%,0%,68.71,68
bookスキャン,0,0,1,1,0%,0%,69,69
looop でんき 料金,0,0,3,1,0%,0%,79.67,69
ebay 退会,0,0,9,1,0%,0%,78.44,70
ウルトラワイドモニター メリット デメリット,0,0,7,1,0%,0%,81.57,70
福岡 韓国フェリー,0,0,1,1,0%,0%,70,70
福岡韓国 フェリー,0,0,1,1,0%,0%,70,70
隠しマグネット 付け方,0,0,3,1,0%,0%,71,70
韓国 福岡 フェリー,0,0,5,1,0%,0%,65.2,70
すごく楽しいピクニック,0,0,1,1,0%,0%,71,71
キャッシュカード 磁石 影響,0,0,1,1,0%,0%,71,71
博多駅 わらび餅,0,0,2,1,0%,0%,73.5,71
福岡釜山格安,0,0,3,1,0%,0%,79.33,71
うきは市 観光コース,0,0,4,1,0%,0%,53.5,72
マイナス思考をプラスに変える方法,0,0,1,1,0%,0%,73,73
博多駅わらび餅,0,0,1,1,0%,0%,74,74
福岡から釜山 飛行機 格安,0,0,4,1,0%,0%,67.75,74
突っ張り棒縦に使う,0,0,1,1,0%,0%,74,74
106 サウスインディアン,0,0,2,1,0%,0%,73.5,75
福岡 猫の島 行き方,0,0,2,1,0%,0%,66.5,75
カップル ハロウィン,0,0,11,1,0%,0%,85.55,76
リゾバ 半年 貯金,0,0,4,1,0%,0%,82.5,76
湾曲ディスプレイ デメリット,0,0,1,1,0%,0%,76,76
うきは市のおすすめスポット,0,0,6,1,0%,0%,63,77
マウス 腱鞘炎 手首,0,0,1,1,0%,0%,77,77
リンス不要,0,0,4,1,0%,0%,69.25,77
明太子食べ放題 福岡,0,0,2,1,0%,0%,86,77
mac 同期 2台,0,0,7,1,0%,0%,67.57,78
ウルトラワイド ディスプレイ,0,0,1,1,0%,0%,78,78
バイク 冬 対策,0,0,2,1,0%,0%,88.5,78
ヴィータtv,0,0,2,1,0%,0%,84,78
筑後吉井 観光,0,0,1,1,0%,0%,78,78
リゾバ 疲れた,0,0,1,1,0%,0%,79,79
愚者は経験に学び賢者は歴史に学ぶ,0,0,7,1,0%,0%,93,79
auひかり 撤去工事 予約,0,0,5,1,0%,0%,93,81
愚者は経験に学び、賢者は歴史に学ぶ。,0,0,1,1,0%,0%,81,81
日本 ホステル,0,0,2,1,0%,0%,77,81
湾曲ディスプレイ 仕事,0,0,4,1,0%,0%,87,81
韓国福岡フェリー,0,0,12,1,0%,0%,57,81
布 ロゴ 消す,0,0,2,1,0%,0%,43,82
愚者は経験に学び 賢者は歴史に学ぶ,0,0,2,1,0%,0%,83.5,82
セブ島 0円留学,0,0,2,1,0%,0%,84,83
フレンズ 難しい,0,0,1,1,0%,0%,83,83
福太郎ランチ,0,0,1,1,0%,0%,83,83
プロジェクター スクリーン 格安,0,0,1,1,0%,0%,84,84
モニター usb-c デメリット,0,0,4,1,0%,0%,79.75,84
釜山ゲストハウス,0,0,6,1,0%,0%,76.5,84
looopでんき 電気料金,0,0,4,1,0%,0%,87.75,86
デリバリーバッグ バイク 固定,0,0,1,1,0%,0%,86,86
バッグ マジックテープ,0,0,7,1,0%,0%,69.86,86
ブルートゥース キーボード iphone,0,0,2,1,0%,0%,83.5,86
ホテル 貴重品,0,0,1,1,0%,0%,86,86
英語学習 ドラマ netflix,0,0,1,1,0%,0%,86,86
iphone用キーボード,0,0,4,1,0%,0%,78,87
天神 作業スペース,0,0,9,1,0%,0%,79.89,87
吉井 白壁,0,0,3,1,0%,0%,46.67,88
猫島 フェリー,0,0,1,1,0%,0%,88,88
配達 バッグ おすすめ,0,0,6,1,0%,0%,79.5,88
釜山からソウル 格安,0,0,1,1,0%,0%,88,88
韓国 安い ゲストハウス,0,0,7,1,0%,0%,86.86,88
psvita コントローラーで操作,0,0,3,1,0%,0%,92,89
羊脳みそ,0,0,1,1,0%,0%,90,90
106サウスインディアン メニュー,0,0,13,1,0%,0%,65.54,91
面白い 日本,0,0,2,1,0%,0%,83.5,91
ウーバーイーツ ロゴ 作成,0,0,4,1,0%,0%,89.5,92