上位のページ,2024/03/04 - 2025/07/03 クリック数,2025/01/03 - 2025/04/03 クリック数,2024/03/04 - 2025/07/03 表示回数,2025/01/03 - 2025/04/03 表示回数,2024/03/04 - 2025/07/03 CTR,2025/01/03 - 2025/04/03 CTR,2024/03/04 - 2025/07/03 掲載順位,2025/01/03 - 2025/04/03 掲載順位
https://masayamuko.com/hide_uberlogo/,4161,700,32728,5696,12.71%,12.29%,6.35,5.81
https://masayamuko.com/display-design/,807,174,3856,661,20.93%,26.32%,17.23,15.55
https://masayamuko.com/international-friends/,735,116,8760,1073,8.39%,10.81%,14.76,11.99
https://masayamuko.com/magnet_ubag/,670,116,4473,799,14.98%,14.52%,8.9,8.11
https://masayamuko.com/nihon-igai/,654,174,7175,2773,9.11%,6.27%,6.92,6.44
https://masayamuko.com/shirakabe-area/,341,39,8111,563,4.2%,6.93%,17.25,14.83
https://masayamuko.com/esperanto-well-known/,265,24,2907,208,9.12%,11.54%,11.25,12.34
https://masayamuko.com/guesthouse-nihonjin/,256,29,3459,923,7.4%,3.14%,32.84,27.61
https://masayamuko.com/let-stay-travelers/,216,25,2730,354,7.91%,7.06%,8.17,9.71
https://masayamuko.com/sabi-coke/,207,26,5025,305,4.12%,8.52%,47,22.32
https://masayamuko.com/yosu-school/,201,22,1608,231,12.5%,9.52%,10.65,10.29
https://masayamuko.com/zuca-prokurolux-travel/,172,24,3026,493,5.68%,4.87%,16.19,22.92
https://masayamuko.com/westernliquor/,147,0,1355,188,10.85%,0%,6.1,10.16
https://masayamuko.com/security/,132,19,1649,436,8%,4.36%,20.9,35.16
https://masayamuko.com/kukou-omukae/,121,24,2479,493,4.88%,4.87%,10.96,9.17
https://masayamuko.com/psvitatv-2players/,121,24,1726,277,7.01%,8.66%,43.29,28.3
https://masayamuko.com/asus-zenbeame1/,89,14,1678,204,5.3%,6.86%,21.2,22.01
https://masayamuko.com/friends-eigo/,86,13,4363,326,1.97%,3.99%,54.71,44.6
https://masayamuko.com/languageexchange-fukuoka/,83,14,1255,167,6.61%,8.38%,21.51,13.34
https://masayamuko.com/gr2-hokori/,77,8,464,79,16.59%,10.13%,17.86,20.19
https://masayamuko.com/chromebook-skin/,75,9,4506,712,1.66%,1.26%,8.72,7.54
https://masayamuko.com/kaigai-tomodachi-nimotsu/,74,8,2257,236,3.28%,3.39%,13.56,10.48
https://masayamuko.com/meisou-zabuton/,64,8,1105,100,5.79%,8%,19.78,24.55
https://masayamuko.com/fukuoka-warabimochi/,61,2,2527,145,2.41%,1.38%,22.01,44.37
https://masayamuko.com/korea-beetle/,60,3,6176,691,0.97%,0.43%,58.72,62.43
https://masayamuko.com/bookscan-tips/,54,13,915,135,5.9%,9.63%,10.96,12.09
https://masayamuko.com/display-demelit/,52,13,1557,304,3.34%,4.28%,43.24,50.84
https://masayamuko.com/henatatoo/,39,0,619,29,6.3%,0%,18.54,26.83
https://masayamuko.com/sumafura/,37,2,1489,232,2.48%,0.86%,24.29,20.44
https://masayamuko.com/zagaku-kirai/,35,6,713,54,4.91%,11.11%,19.86,21.31
https://masayamuko.com/lifepacking2-days/,34,3,616,72,5.52%,4.17%,22.25,29.29
https://masayamuko.com/keitoracamper-size/,33,3,1253,63,2.63%,4.76%,22.75,29.4
https://masayamuko.com/auhikari/,33,0,1247,194,2.65%,0%,79.45,76.07
https://masayamuko.com/taiwan-hanasenai/,32,3,1777,253,1.8%,1.19%,28.51,36.18
https://masayamuko.com/riderscafe-fukuoka/,30,12,642,142,4.67%,8.45%,52.81,57.82
https://masayamuko.com/iphone-keyboard/,30,4,616,79,4.87%,5.06%,26.59,36.18
https://masayamuko.com/ricohgr2-review/,29,5,422,99,6.87%,5.05%,25.38,18.55
https://masayamuko.com/ozroo/,27,0,383,47,7.05%,0%,15.92,19.7
https://masayamuko.com/hige_dougu/,26,0,728,48,3.57%,0%,43.02,51.48
https://masayamuko.com/teepee/,23,3,954,445,2.41%,0.67%,49.76,58.09
https://masayamuko.com/inakaiju-shippai/,23,3,201,9,11.44%,33.33%,57.5,6.67
https://masayamuko.com/projector-screen-nitori/,22,1,6000,520,0.37%,0.19%,59.61,56.95
https://masayamuko.com/travel-free/,22,1,231,14,9.52%,7.14%,12.16,9
https://masayamuko.com/3kyaku/,22,7,154,36,14.29%,19.44%,33.65,23.69
https://masayamuko.com/hoshi-tx1/,20,1,105,23,19.05%,4.35%,30.88,53.7
https://masayamuko.com/lighthouse-cofee/,19,0,433,35,4.39%,0%,37.7,15.91
https://masayamuko.com/ebay-support/,19,0,130,7,14.62%,0%,37.35,19.14
https://masayamuko.com/ie-gita/,18,1,2190,145,0.82%,0.69%,47.71,46.88
https://masayamuko.com/freebird/,18,3,955,154,1.88%,1.95%,41.43,35.84
https://masayamuko.com/yusyan/,17,0,1252,82,1.36%,0%,32.45,60.88
https://masayamuko.com/esperanto/,17,4,341,40,4.99%,10%,16.4,15.32
https://masayamuko.com/round-taiwan/,17,4,181,39,9.39%,10.26%,42.42,41.77
https://masayamuko.com/blogger-matome/,17,3,86,19,19.77%,15.79%,20.62,18.63
https://masayamuko.com/kabeshima-start/,16,3,312,63,5.13%,4.76%,53.67,38.92
https://masayamuko.com/australia-ryugaku/,15,2,3156,220,0.48%,0.91%,71.97,80.05
https://masayamuko.com/asus-projecter/,15,4,266,46,5.64%,8.7%,28.08,25.54
https://masayamuko.com/korea-guesthouse/,13,2,4244,538,0.31%,0.37%,76.1,72.14
https://masayamuko.com/fukuoka-shima/,13,2,642,67,2.02%,2.99%,54.3,41.88
https://masayamuko.com/pasokon-2/,13,5,614,93,2.12%,5.38%,52.21,43.77
https://masayamuko.com/moucyou/,13,1,99,19,13.13%,5.26%,20.44,15.84
https://masayamuko.com/post-2035/,12,4,1714,37,0.7%,10.81%,57.58,49.3
https://masayamuko.com/goproherosession5/,12,1,656,110,1.83%,0.91%,41.15,53.22
https://masayamuko.com/tunnel/,12,2,313,61,3.83%,3.28%,22.47,14.38
https://masayamuko.com/,12,2,213,15,5.63%,13.33%,16.1,5.53
https://masayamuko.com/pack-towel/,11,4,372,40,2.96%,10%,48.78,26.88
https://masayamuko.com/mentaiko-500/,11,0,349,48,3.15%,0%,60.82,56.77
https://masayamuko.com/kosupa-demerit/,11,4,249,23,4.42%,17.39%,68.67,14
https://masayamuko.com/applewatch/,11,1,124,19,8.87%,5.26%,33.56,49.42
https://masayamuko.com/gizensya/,10,2,955,102,1.05%,1.96%,24.18,17.16
https://masayamuko.com/jiyu-rakku/,10,3,158,32,6.33%,9.38%,39.39,57.88
https://masayamuko.com/hiyou-tipi/,10,2,80,9,12.5%,22.22%,22.5,6.44
https://masayamuko.com/0ryugaku/,9,0,1517,174,0.59%,0%,31.67,29.98
https://masayamuko.com/coaching/,9,1,673,140,1.34%,0.71%,39.96,44.57
https://masayamuko.com/yahoochiebukuro-pakuri/,9,0,638,83,1.41%,0%,16.33,16.42
https://masayamuko.com/open-chan/,9,1,473,30,1.9%,3.33%,54.29,37.77
https://masayamuko.com/solmari/,9,2,406,48,2.22%,4.17%,35.01,17.88
https://masayamuko.com/michikiri-tour/,9,1,342,49,2.63%,2.04%,60.4,46.04
https://masayamuko.com/kosupure-kappuru/,8,1,1950,107,0.41%,0.93%,38.45,52.36
https://masayamuko.com/netflix-eigo/,8,1,1218,448,0.66%,0.22%,79.1,86.62
https://masayamuko.com/xt1-2018/,8,2,95,8,8.42%,25%,61.99,49.5
https://masayamuko.com/k-s2/,8,2,89,9,8.99%,22.22%,25.64,30.33
https://masayamuko.com/amazonprimevideo/,7,1,405,90,1.73%,1.11%,71.18,80.71
https://masayamuko.com/picnic-otona/,7,0,132,26,5.3%,0%,20.2,33.12
https://masayamuko.com/tentai-gift/,7,0,75,14,9.33%,0%,46.44,51.86
https://masayamuko.com/paperless/,7,0,71,15,9.86%,0%,33.7,24.6
https://masayamuko.com/bookscan/,6,1,1725,69,0.35%,1.45%,34.73,25.54
https://masayamuko.com/how-to-ebay/,6,0,1658,5,0.36%,0%,70.26,45.4
https://masayamuko.com/tate-bou/,6,1,702,125,0.85%,0.8%,41.27,41.34
https://masayamuko.com/magictrackpad2/,6,0,513,43,1.17%,0%,33.51,38.44
https://masayamuko.com/cashcard-jiki/,6,3,229,39,2.62%,7.69%,57.82,43.41
https://masayamuko.com/teasobi/,6,0,186,36,3.23%,0%,35.4,40.92
https://masayamuko.com/tipi/,6,0,114,23,5.26%,0%,15.02,23.91
https://masayamuko.com/lg-u3419w/,6,4,108,22,5.56%,18.18%,57.87,29.14
https://masayamuko.com/hhkb-bt/,6,0,102,14,5.88%,0%,41.06,31.36
https://masayamuko.com/fukuoka-blogger/,6,1,20,3,30%,33.33%,23.75,5.67
https://masayamuko.com/trackball/,5,1,616,95,0.81%,1.05%,64.17,62.28
https://masayamuko.com/rentama/,5,0,415,55,1.2%,0%,31.7,36.89
https://masayamuko.com/kawaasobi-bbq-fukuoka/,5,0,331,71,1.51%,0%,59.92,67.41
https://masayamuko.com/telepathy/,5,2,281,19,1.78%,10.53%,40.81,54.47
https://masayamuko.com/shikano-shima/,5,0,276,44,1.81%,0%,54.54,41.45
https://masayamuko.com/nakaima/,5,1,241,22,2.07%,4.55%,51.1,60.77
https://masayamuko.com/souspeak-1stday/,5,0,224,19,2.23%,0%,26.86,26.89
https://masayamuko.com/southpeak-blogger/,5,1,205,65,2.44%,1.54%,46.2,47.55
https://masayamuko.com/tabiiku-ryuiku/,5,1,184,28,2.72%,3.57%,22.92,15.25
https://masayamuko.com/dash/,5,0,153,29,3.27%,0%,22.75,29.38
https://masayamuko.com/fukuoka-international/,5,1,136,6,3.68%,16.67%,51.67,43.17
https://masayamuko.com/community/morningpage/,5,2,130,8,3.85%,25%,23.95,26
https://masayamuko.com/jinsei-no-hon-douwa/,5,1,63,7,7.94%,14.29%,21.51,17.43
https://masayamuko.com/community/mamiko/,4,2,363,120,1.1%,1.67%,22.42,35.71
https://masayamuko.com/free-rental/,4,1,268,67,1.49%,1.49%,63.34,73.75
https://masayamuko.com/blogjyuku-hikaku/,4,0,216,4,1.85%,0%,49.29,37.75
https://masayamuko.com/shikanoshima-cleanup/,4,0,176,73,2.27%,0%,62.85,64.74
https://masayamuko.com/seven-takunomi/,4,1,147,6,2.72%,16.67%,25.04,33
https://masayamuko.com/profile/,4,1,56,10,7.14%,10%,9.96,10.2
https://masayamuko.com/bicycle-peddale/,4,0,54,10,7.41%,0%,22.94,24.6
https://masayamuko.com/npo-it/,4,2,17,3,23.53%,66.67%,41.41,29.33
https://masayamuko.com/guesthouse-list/,3,0,3216,1768,0.09%,0%,78.12,80.6
https://masayamuko.com/hakozaki-garden-guesthouse/,3,0,2196,353,0.14%,0%,33.01,28.22
https://masayamuko.com/item/,3,1,639,103,0.47%,0.97%,53.38,43.25
https://masayamuko.com/orokamon/,3,0,560,66,0.54%,0%,46.78,52.91
https://masayamuko.com/desk-item/,3,2,498,115,0.6%,1.74%,62.45,61.28
https://masayamuko.com/ukiha-kettei/,3,0,322,148,0.93%,0%,86.62,94.26
https://masayamuko.com/skill/,3,0,155,19,1.94%,0%,47.49,38.11
https://masayamuko.com/powertraveler/,3,0,124,9,2.42%,0%,18.87,15.22
https://masayamuko.com/premium-right/,3,1,83,13,3.61%,7.69%,21.94,14.92
https://masayamuko.com/keitora-house/,3,0,75,15,4%,0%,36.72,47.73
https://masayamuko.com/nihongo-eigo/,3,0,74,11,4.05%,0%,32.2,39.55
https://masayamuko.com/runba/,3,0,73,16,4.11%,0%,45.03,48.69
https://masayamuko.com/tabitorakun/,3,0,48,10,6.25%,0%,11.69,14.2
https://masayamuko.com/esperanto-korea/,3,0,39,8,7.69%,0%,33.13,41.25
https://masayamuko.com/q-s1/,3,1,34,8,8.82%,12.5%,37.24,39.5
https://masayamuko.com/resort-baito/,2,0,1856,480,0.11%,0%,74.22,71.11
https://masayamuko.com/dazaifu-guesthouse/,2,0,1653,458,0.12%,0%,62.49,50.07
https://masayamuko.com/looop/,2,1,802,163,0.25%,0.61%,97.12,87.94
https://masayamuko.com/kashisoko/,2,1,663,63,0.3%,1.59%,63.75,81.57
https://masayamuko.com/lancers-logo/,2,0,448,47,0.45%,0%,51.64,38.57
https://masayamuko.com/gurishen-cafe/,2,0,348,58,0.57%,0%,30.06,23.1
https://masayamuko.com/saihate/,2,0,190,33,1.05%,0%,34.84,17.09
https://masayamuko.com/fillipin-fun/,2,0,169,1,1.18%,0%,66.6,28
https://masayamuko.com/salon/,2,1,139,18,1.44%,5.56%,29.14,24.72
https://masayamuko.com/daybag/,2,1,137,14,1.46%,7.14%,46.64,36.43
https://masayamuko.com/rockbalancing/,2,0,122,26,1.64%,0%,35.9,48.04
https://masayamuko.com/stand-headphone/,2,0,111,24,1.8%,0%,49.77,38.38
https://masayamuko.com/guesthouse-yoyaku/,2,0,108,21,1.85%,0%,61.79,66.86
https://masayamuko.com/kotowaza-sentaku/,2,1,97,20,2.06%,5%,54.26,74.85
https://masayamuko.com/absinthe/,2,0,88,6,2.27%,0%,42.6,35.17
https://masayamuko.com/sleepitem/,2,0,68,32,2.94%,0%,58.12,76.09
https://masayamuko.com/manythingstodo/,2,1,64,16,3.12%,6.25%,49.34,48.56
https://masayamuko.com/international-friends/1000/,2,1,54,7,3.7%,14.29%,23.19,8.57
https://masayamuko.com/kurume-ryugaku/,2,2,40,14,5%,14.29%,35.92,43.14
https://masayamuko.com/hossy-event/,2,0,39,11,5.13%,0%,47.36,39.91
https://masayamuko.com/tabitorakun-blog/,2,1,34,3,5.88%,33.33%,38.47,23
https://masayamuko.com/seo/,2,0,23,2,8.7%,0%,46.26,62.5
https://masayamuko.com/helios-44-2/,2,0,13,0,15.38%,0%,32,0
https://masayamuko.com/instagramer-shigoto/,2,0,12,0,16.67%,0%,35.08,0
https://masayamuko.com/samurai-muryo/,1,0,1125,50,0.09%,0%,69.63,29.92
https://masayamuko.com/bluelight-flux/,1,0,640,55,0.16%,0%,43.03,69.78
https://masayamuko.com/life/,1,0,388,31,0.26%,0%,48.85,38.87
https://masayamuko.com/kintone-apps/,1,0,119,13,0.84%,0%,66.86,40.77
https://masayamuko.com/fukuoka-airbnb/,1,0,108,5,0.93%,0%,75.74,31.2
https://masayamuko.com/guesthouse/,1,0,99,16,1.01%,0%,51.69,45.75
https://masayamuko.com/tabi-saifu/,1,0,75,0,1.33%,0%,67.53,0
https://masayamuko.com/masaya-profile/,1,0,70,12,1.43%,0%,6.39,3.42
https://masayamuko.com/kyugaku-ryugaku/,1,0,65,0,1.54%,0%,80.78,0
https://masayamuko.com/ukiha-higaeri/,1,0,61,4,1.64%,0%,65.39,44
https://masayamuko.com/lunchpassport/,1,0,60,10,1.67%,0%,44.37,43.5
https://masayamuko.com/ryugaku-trip/,1,0,58,4,1.72%,0%,51.17,41.75
https://masayamuko.com/wahori-fillipines/,1,0,55,2,1.82%,0%,52.4,62
https://masayamuko.com/re-start/,1,0,50,0,2%,0%,26.58,0
https://masayamuko.com/community/mitico/,1,1,42,8,2.38%,12.5%,6.79,4.5
https://masayamuko.com/kitakyushu-guesthouse/,1,0,40,2,2.5%,0%,39.73,18
https://masayamuko.com/nativecamp/,1,1,38,10,2.63%,10%,72.29,51.1
https://masayamuko.com/cebu-circle-cafe/,1,0,29,0,3.45%,0%,49.9,0
https://masayamuko.com/psvitatv-2players/#VITA_TVPS2,1,0,21,0,4.76%,0%,2,0
https://masayamuko.com/hige_dougu/#i-3,1,0,19,0,5.26%,0%,8.58,0
https://masayamuko.com/tabibito-blog/,1,1,18,2,5.56%,50%,47.83,11.5
https://masayamuko.com/setsumeito-chigau/,1,1,16,4,6.25%,25%,65.69,14.75
https://masayamuko.com/eigo-merit/,1,1,13,3,7.69%,33.33%,49.15,23
https://masayamuko.com/eigo-tanki/,1,0,8,0,12.5%,0%,34.12,0
https://masayamuko.com/stepupring/,1,0,5,1,20%,0%,8.2,7
https://masayamuko.com/macbook-battery/,0,0,941,75,0%,0%,77.91,85.85
https://masayamuko.com/nihon-igai/#i,0,0,756,0,0%,0%,2.16,0
https://masayamuko.com/nihon-igai/#i-2,0,0,756,0,0%,0%,2.16,0
https://masayamuko.com/nihon-igai/#i-4,0,0,756,0,0%,0%,2.16,0
https://masayamuko.com/fuk-jonan/,0,0,577,2,0%,0%,85.07,89.5
https://masayamuko.com/blog-tsudukanai/,0,0,566,0,0%,0%,132.06,0
https://masayamuko.com/coworking-fukuoka/,0,0,458,193,0%,0%,89.9,91.47
https://masayamuko.com/ryugaku-shippaitaisaku/,0,0,425,0,0%,0%,83.6,0
https://masayamuko.com/hide_uberlogo/#i,0,0,399,0,0%,0%,4.14,0
https://masayamuko.com/hide_uberlogo/#Uber_Eats,0,0,398,0,0%,0%,4.14,0
https://masayamuko.com/hide_uberlogo/#Uber_eats,0,0,392,0,0%,0%,4.17,0
https://masayamuko.com/hide_uberlogo/#DAISO,0,0,352,0,0%,0%,4.19,0
https://masayamuko.com/korean-drama/,0,0,326,30,0%,0%,89.91,91.87
https://masayamuko.com/keepa/,0,0,316,0,0%,0%,84.28,0
https://masayamuko.com/korea-beetle/1000/,0,0,292,1,0%,0%,105.11,8
https://masayamuko.com/wordpress-theme-cool/,0,0,271,23,0%,0%,47.45,40.65
https://masayamuko.com/meals-fukuoka/,0,0,218,23,0%,0%,66.5,62.87
https://masayamuko.com/dailylife/,0,0,215,3,0%,0%,60.76,77
https://masayamuko.com/oct2018/,0,0,203,20,0%,0%,74.95,88.7
https://masayamuko.com/kadoya-icecream/,0,0,196,68,0%,0%,61.03,61.43
https://masayamuko.com/zuca-prokurolux-travel/1000/,0,0,187,118,0%,0%,68.53,70.08
https://masayamuko.com/kaine/,0,0,183,64,0%,0%,53.42,57.2
https://masayamuko.com/international-friends/#82218221,0,0,164,0,0%,0%,3.57,0
https://masayamuko.com/international-friends/#82218221-2,0,0,163,0,0%,0%,3.56,0
https://masayamuko.com/fukuoka-renovation/,0,0,159,8,0%,0%,28.79,21.62
https://masayamuko.com/denshi-inkan/,0,0,158,0,0%,0%,136.02,0
https://masayamuko.com/shirakabe-area/#i-5,0,0,146,0,0%,0%,5.13,0
https://masayamuko.com/shirakabe-area/#i-9,0,0,146,0,0%,0%,5.13,0
https://masayamuko.com/shirakabe-area/#i,0,0,145,0,0%,0%,5.13,0
https://masayamuko.com/standingdesk/,0,0,137,0,0%,0%,77.34,0
https://masayamuko.com/fukuoka-guesthouse2017/,0,0,135,0,0%,0%,75.65,0
https://masayamuko.com/international-friends/#i,0,0,123,0,0%,0%,4.04,0
https://masayamuko.com/nimotsu-azuke/,0,0,121,1,0%,0%,37.83,3
https://masayamuko.com/localinfo/,0,0,119,16,0%,0%,68.67,59.44
https://masayamuko.com/international-friends/#i-2,0,0,109,0,0%,0%,3.77,0
https://masayamuko.com/international-friends/#i-4,0,0,109,0,0%,0%,3.77,0
https://masayamuko.com/magnet_ubag/#i,0,0,104,0,0%,0%,3.48,0
https://masayamuko.com/magnet_ubag/#Uber_eats,0,0,102,0,0%,0%,3.45,0
https://masayamuko.com/skyscanner-season/,0,0,101,4,0%,0%,43.92,8.75
https://masayamuko.com/international-friends/#FIFO,0,0,98,0,0%,0%,3.7,0
https://masayamuko.com/hide_uberlogo/1000/,0,0,92,0,0%,0%,55.52,0
https://masayamuko.com/display-design/#34,0,0,91,0,0%,0%,3.59,0
https://masayamuko.com/camerastrap/,0,0,91,14,0%,0%,33.34,33.14
https://masayamuko.com/mineo-kakuyasu/,0,0,91,0,0%,0%,107.2,0
https://masayamuko.com/google-adwords-seminar/,0,0,87,0,0%,0%,64.25,0
https://masayamuko.com/ktrahouse-travel/,0,0,85,6,0%,0%,30,26.83
https://masayamuko.com/baiku-boukantaisaku/,0,0,85,20,0%,0%,65.29,54.5
https://masayamuko.com/international-friends/#_Cosmopolitans_Seminar,0,0,84,0,0%,0%,3.14,0
https://masayamuko.com/100list/,0,0,82,8,0%,0%,42.94,16.38
https://masayamuko.com/display-design/#i,0,0,79,0,0%,0%,3.51,0
https://masayamuko.com/eyugaku-eikawa/,0,0,79,4,0%,0%,109.7,147.5
https://masayamuko.com/suzucafe/,0,0,78,5,0%,0%,62.03,26.4
https://masayamuko.com/international-friends/#8221TEC8221,0,0,77,0,0%,0%,3.68,0
https://masayamuko.com/let-stay-travelers/#SNS,0,0,75,0,0%,0%,2.23,0
https://masayamuko.com/blog-shigoto/,0,0,75,8,0%,0%,47,39
https://masayamuko.com/let-stay-travelers/#Servas,0,0,74,0,0%,0%,2.24,0
https://masayamuko.com/ukurere-ghibli/,0,0,73,3,0%,0%,23.01,7
https://masayamuko.com/magnet_ubag/#DAISO,0,0,69,0,0%,0%,2.97,0
https://masayamuko.com/let-stay-travelers/#SNSCouchsurfing,0,0,68,0,0%,0%,2.22,0
https://masayamuko.com/let-stay-travelers/#AirBnB,0,0,65,0,0%,0%,2.28,0
https://masayamuko.com/pc/,0,0,65,0,0%,0%,29.12,0
https://masayamuko.com/okinawainfukuoka/,0,0,59,2,0%,0%,36.78,6
https://masayamuko.com/watoyou-diy/,0,0,58,11,0%,0%,53.16,49.91
https://masayamuko.com/esperanto-well-known/#i,0,0,56,0,0%,0%,5.18,0
https://masayamuko.com/esperanto-well-known/#i-4,0,0,56,0,0%,0%,5.18,0
https://masayamuko.com/no-dansyu/,0,0,56,0,0%,0%,8.79,0
https://masayamuko.com/2017-zenhan/,0,0,56,0,0%,0%,90.3,0
https://masayamuko.com/esperanto-well-known/#WEB,0,0,55,0,0%,0%,5.18,0
https://masayamuko.com/contact/,0,0,55,11,0%,0%,12.78,17.82
https://masayamuko.com/shirakabe-area/#i-4,0,0,50,0,0%,0%,5.22,0
https://masayamuko.com/display-design/#12,0,0,49,0,0%,0%,3.51,0
https://masayamuko.com/souko-cleanup/,0,0,47,3,0%,0%,33.66,9.67
https://masayamuko.com/esperanto-well-known/#i-2,0,0,45,0,0%,0%,5.24,0
https://masayamuko.com/esperanto-well-known/#i-3,0,0,45,0,0%,0%,5.24,0
https://masayamuko.com/narita/,0,0,43,0,0%,0%,31.65,0
https://masayamuko.com/workingholiday-fukuoka/,0,0,43,0,0%,0%,72.51,0
https://masayamuko.com/kukou-omukae/#i,0,0,42,0,0%,0%,3.71,0
https://masayamuko.com/kukou-omukae/#i-5,0,0,42,0,0%,0%,3.71,0
https://masayamuko.com/kukou-omukae/#i-6,0,0,42,0,0%,0%,3.71,0
https://masayamuko.com/freee/,0,0,41,0,0%,0%,130.98,0
https://masayamuko.com/kukou-omukae/#i-3,0,0,37,0,0%,0%,3.7,0
https://masayamuko.com/kukou-omukae/#i-7,0,0,37,0,0%,0%,3.7,0
https://masayamuko.com/kukou-omukae/#i-8,0,0,37,0,0%,0%,3.7,0
https://masayamuko.com/googlemap-review/,0,0,37,4,0%,0%,38.46,71.75
https://masayamuko.com/saihate-writer/,0,0,35,1,0%,0%,74.83,53
https://masayamuko.com/prg-600yl-5jf/,0,0,34,7,0%,0%,32.71,37.14
https://masayamuko.com/kyash/,0,0,33,4,0%,0%,28.82,45.75
https://masayamuko.com/uturn-fukuoka/,0,0,33,1,0%,0%,79.88,7
https://masayamuko.com/westernliquor/#i,0,0,32,0,0%,0%,2.53,0
https://masayamuko.com/westernliquor/#i-2,0,0,32,0,0%,0%,2.53,0
https://masayamuko.com/westernliquor/#i-3,0,0,32,0,0%,0%,2.53,0
https://masayamuko.com/yokarabo-member/,0,0,32,2,0%,0%,43.78,92.5
https://masayamuko.com/kaigai-tomodachi-nimotsu/#i,0,0,31,0,0%,0%,4.81,0
https://masayamuko.com/kaigai-tomodachi-nimotsu/#i-2,0,0,31,0,0%,0%,4.81,0
https://masayamuko.com/kaigai-tomodachi-nimotsu/#i-3,0,0,31,0,0%,0%,4.81,0
https://masayamuko.com/surprise-nz/,0,0,31,0,0%,0%,55.68,0
https://masayamuko.com/homeless/,0,0,31,3,0%,0%,62.48,35.67
https://masayamuko.com/nomad-worker/,0,0,30,0,0%,0%,75.2,0
https://masayamuko.com/profile-picture/,0,0,30,2,0%,0%,76.13,5.5
https://masayamuko.com/fillipines/,0,0,29,2,0%,0%,81.41,71.5
https://masayamuko.com/kaigai-tomodachi-nimotsu/#SAL,0,0,28,0,0%,0%,4.86,0
https://masayamuko.com/kaigai-tomodachi-nimotsu/#i-4,0,0,28,0,0%,0%,4.86,0
https://masayamuko.com/kaigai-tomodachi-nimotsu/#i-5,0,0,28,0,0%,0%,4.86,0
https://masayamuko.com/auhikari/#i,0,0,28,0,0%,0%,5.04,0
https://masayamuko.com/auhikari/#i-3,0,0,28,0,0%,0%,5.04,0
https://masayamuko.com/auhikari/#i-4,0,0,28,0,0%,0%,5.04,0
https://masayamuko.com/zuca-prokurolux-travel/#ZUCA,0,0,28,0,0%,0%,7.54,0
https://masayamuko.com/zuca-prokurolux-travel/#Zuca,0,0,28,0,0%,0%,7.54,0
https://masayamuko.com/freelance_nayami/,0,0,27,2,0%,0%,52.7,40.5
https://masayamuko.com/tokyo-blogger/,0,0,23,1,0%,0%,50.22,98
https://masayamuko.com/sns-dansyari/,0,0,22,0,0%,0%,63.5,0
https://masayamuko.com/hikkoshi/,0,0,22,1,0%,0%,75.68,12
https://masayamuko.com/psvitatv-2players/#VITA_TV,0,0,21,0,0%,0%,2,0
https://masayamuko.com/psvitatv-2players/#Vita_TV,0,0,21,0,0%,0%,2,0
https://masayamuko.com/hige_dougu/#i,0,0,21,0,0%,0%,8.81,0
https://masayamuko.com/hige_dougu/#i-7,0,0,21,0,0%,0%,8.81,0
https://masayamuko.com/guesthouse-nihonjin/#i,0,0,20,0,0%,0%,1.4,0
https://masayamuko.com/guesthouse-nihonjin/#i-5,0,0,20,0,0%,0%,1.4,0
https://masayamuko.com/yusyan/#i-3,0,0,20,0,0%,0%,5.7,0
https://masayamuko.com/yusyan/#i-4,0,0,20,0,0%,0%,5.7,0
https://masayamuko.com/yusyan/#i-5,0,0,20,0,0%,0%,5.7,0
https://masayamuko.com/hige_dougu/#i-4,0,0,20,0,0%,0%,8.65,0
https://masayamuko.com/hige_dougu/#_038,0,0,20,0,0%,0%,8.75,0
https://masayamuko.com/howto/,0,0,20,3,0%,0%,11.65,16
https://masayamuko.com/startupcafe/,0,0,20,0,0%,0%,29.7,0
https://masayamuko.com/guesthouse-nihonjin/#i-3,0,0,19,0,0%,0%,1.42,0
https://masayamuko.com/fukuoka-warabimochi/#Twitter,0,0,19,0,0%,0%,7.53,0
https://masayamuko.com/fukuoka-warabimochi/#i,0,0,19,0,0%,0%,7.53,0
https://masayamuko.com/fukuoka-warabimochi/#i-4,0,0,19,0,0%,0%,7.53,0
https://masayamuko.com/hige_dougu/#i-5,0,0,19,0,0%,0%,8.58,0
https://masayamuko.com/yosu-school/#i,0,0,18,0,0%,0%,1.22,0
https://masayamuko.com/yosu-school/#i-2,0,0,18,0,0%,0%,1.22,0
https://masayamuko.com/yosu-school/#i-3,0,0,18,0,0%,0%,1.22,0
https://masayamuko.com/guesthouse-nihonjin/#Airbnb,0,0,18,0,0%,0%,1.44,0
https://masayamuko.com/guesthouse-nihonjin/#i-2,0,0,18,0,0%,0%,1.44,0
https://masayamuko.com/yusyan/#i,0,0,18,0,0%,0%,5.67,0
https://masayamuko.com/zuca-prokurolux-travel/#i,0,0,18,0,0%,0%,7.5,0
https://masayamuko.com/zuca-prokurolux-travel/#i-3,0,0,18,0,0%,0%,7.5,0
https://masayamuko.com/zuca-prokurolux-travel/#i-4,0,0,18,0,0%,0%,7.5,0
https://masayamuko.com/zuca-prokurolux-travel/#i-5,0,0,18,0,0%,0%,7.5,0
https://masayamuko.com/fukuoka-warabimochi/#OK,0,0,18,0,0%,0%,7.67,0
https://masayamuko.com/fukuoka-warabimochi/#i-3,0,0,18,0,0%,0%,7.67,0
https://masayamuko.com/youtube/,0,0,18,2,0%,0%,32.06,36.5
https://masayamuko.com/fuku/,0,0,18,0,0%,0%,64.72,0
https://masayamuko.com/psvitatv-2players/#XIsaiJUMBO,0,0,17,0,0%,0%,2.12,0
https://masayamuko.com/meisou-zabuton/#i,0,0,15,0,0%,0%,8.6,0
https://masayamuko.com/meisou-zabuton/#i-2,0,0,15,0,0%,0%,8.6,0
https://masayamuko.com/chromebook-skin/#i,0,0,14,0,0%,0%,6.21,0
https://masayamuko.com/chromebook-skin/#i-4,0,0,14,0,0%,0%,6.21,0
https://masayamuko.com/chromebook-skin/#i-6,0,0,14,0,0%,0%,6.21,0
https://masayamuko.com/meisou-zabuton/#i-3,0,0,14,0,0%,0%,8.64,0
https://masayamuko.com/security/#i-3,0,0,13,0,0%,0%,3,0
https://masayamuko.com/security/#i-4,0,0,13,0,0%,0%,3,0
https://masayamuko.com/zuca-prokurolux-travel/#i-2,0,0,13,0,0%,0%,8,0
https://masayamuko.com/iphone-keyboard/#2,0,0,13,0,0%,0%,10.69,0
https://masayamuko.com/iphone-keyboard/#EC_Technology_Bluetooth,0,0,13,0,0%,0%,10.69,0
https://masayamuko.com/iphone-keyboard/#Ewin_bluetooth_Mini_Bluetooth_keyboard,0,0,13,0,0%,0%,10.69,0
https://masayamuko.com/iphone-keyboard/#LOGICOOL__TM710WH,0,0,13,0,0%,0%,10.69,0
https://masayamuko.com/iphone-keyboard/#bluetooth,0,0,13,0,0%,0%,10.69,0
https://masayamuko.com/iphone-keyboard/#iPadiPhone_Bookey_Pocket,0,0,13,0,0%,0%,10.69,0
https://masayamuko.com/iphone-keyboard/#mac,0,0,13,0,0%,0%,10.69,0
https://masayamuko.com/megane-curry-open/,0,0,13,0,0%,0%,32.92,0
https://masayamuko.com/currylife-start/,0,0,13,4,0%,0%,51.69,86.25
https://masayamuko.com/koufuku-first/,0,0,12,1,0%,0%,8,6
https://masayamuko.com/ken/,0,0,12,1,0%,0%,50.75,5
https://masayamuko.com/yosu-school/#i-5,0,0,11,0,0%,0%,1.18,0
https://masayamuko.com/yosu-school/#i-6,0,0,11,0,0%,0%,1.18,0
https://masayamuko.com/security/#i-6,0,0,11,0,0%,0%,3.09,0
https://masayamuko.com/security/#i-8,0,0,11,0,0%,0%,3.18,0
https://masayamuko.com/chromebook-skin/#i-2,0,0,11,0,0%,0%,6.55,0
https://masayamuko.com/chromebook-skin/#i-5,0,0,11,0,0%,0%,6.55,0
https://masayamuko.com/daigakudo/,0,0,11,2,0%,0%,36.09,16
https://masayamuko.com/keep-english/,0,0,11,0,0%,0%,36.73,0
https://masayamuko.com/coffee-nap/,0,0,11,1,0%,0%,43,1
https://masayamuko.com/to-23yearsold/,0,0,11,0,0%,0%,66.91,0
https://masayamuko.com/riderscafe-fukuoka/#SAMBO,0,0,10,0,0%,0%,3.5,0
https://masayamuko.com/riderscafe-fukuoka/#SAMBO_CAFE,0,0,10,0,0%,0%,3.5,0
https://masayamuko.com/riderscafe-fukuoka/#i,0,0,10,0,0%,0%,3.5,0
https://masayamuko.com/riderscafe-fukuoka/#i-5,0,0,10,0,0%,0%,3.5,0
https://masayamuko.com/taiwan-hanasenai/#i,0,0,10,0,0%,0%,5.2,0
https://masayamuko.com/taiwan-hanasenai/#i-2,0,0,10,0,0%,0%,5.2,0
https://masayamuko.com/taiwan-hanasenai/#mini,0,0,10,0,0%,0%,5.2,0
https://masayamuko.com/taiwan-hanasenai/#mini-2,0,0,10,0,0%,0%,5.2,0
https://masayamuko.com/zuca-prokurolux-travel/#i-6,0,0,10,0,0%,0%,7.6,0
https://masayamuko.com/minikankyo/,0,0,10,0,0%,0%,30.3,0
https://masayamuko.com/lp-colorful/,0,0,10,1,0%,0%,41.7,95
https://masayamuko.com/hikkoshi-yasuku/,0,0,10,0,0%,0%,61.9,0
https://masayamuko.com/security/#i,0,0,9,0,0%,0%,3.33,0
https://masayamuko.com/security/#i-2,0,0,9,0,0%,0%,3.33,0
https://masayamuko.com/keitoracamper-size/#i,0,0,9,0,0%,0%,7.33,0
https://masayamuko.com/keitoracamper-size/#i-4,0,0,9,0,0%,0%,7.33,0
https://masayamuko.com/100challenge/,0,0,9,1,0%,0%,27.22,2
https://masayamuko.com/nomad-balance/,0,0,9,0,0%,0%,40.22,0
https://masayamuko.com/better-quit/,0,0,9,3,0%,0%,64.22,69.33
https://masayamuko.com/open-chan/#i-2,0,0,8,0,0%,0%,5.25,0
https://masayamuko.com/open-chan/#i-3,0,0,8,0,0%,0%,5.25,0
https://masayamuko.com/sumafura/#i-5,0,0,8,0,0%,0%,5.88,0
https://masayamuko.com/sumafura/#i-6,0,0,8,0,0%,0%,5.88,0
https://masayamuko.com/korea-beetle/#JR4980,0,0,8,0,0%,0%,8.25,0
https://masayamuko.com/korea-beetle/#i,0,0,8,0,0%,0%,8.25,0
https://masayamuko.com/korea-beetle/#i-13,0,0,8,0,0%,0%,8.25,0
https://masayamuko.com/korea-beetle/#i-4,0,0,8,0,0%,0%,8.25,0
https://masayamuko.com/korea-beetle/#i-9,0,0,8,0,0%,0%,8.25,0
https://masayamuko.com/kosodate-info/,0,0,8,0,0%,0%,21.88,0
https://masayamuko.com/campingcar-retro-keitora/,0,0,8,1,0%,0%,50.5,15
https://masayamuko.com/priority-pass/,0,0,8,0,0%,0%,121.62,0
https://masayamuko.com/zagaku-kirai/#i-3,0,0,7,0,0%,0%,2.29,0
https://masayamuko.com/zagaku-kirai/#i-4,0,0,7,0,0%,0%,2.29,0
https://masayamuko.com/sumafura/#i,0,0,7,0,0%,0%,6,0
https://masayamuko.com/sumafura/#i-4,0,0,7,0,0%,0%,6,0
https://masayamuko.com/tate-bou/#2,0,0,7,0,0%,0%,7.86,0
https://masayamuko.com/tate-bou/#Diawall,0,0,7,0,0%,0%,7.86,0
https://masayamuko.com/tate-bou/#labrico,0,0,7,0,0%,0%,7.86,0
https://masayamuko.com/latest_tools/,0,0,7,1,0%,0%,8.57,8
https://masayamuko.com/charger/,0,0,7,2,0%,0%,19.14,7
https://masayamuko.com/nagare/,0,0,7,4,0%,0%,40.71,18.75
https://masayamuko.com/kouritsuka/,0,0,7,3,0%,0%,66.29,45.67
https://masayamuko.com/zagaku-kirai/#i,0,0,6,0,0%,0%,2.33,0
https://masayamuko.com/zagaku-kirai/#i-2,0,0,6,0,0%,0%,2.33,0
https://masayamuko.com/display-demelit/#i,0,0,6,0,0%,0%,4.67,0
https://masayamuko.com/display-demelit/#i-3,0,0,6,0,0%,0%,4.67,0
https://masayamuko.com/display-demelit/#i-5,0,0,6,0,0%,0%,4.67,0
https://masayamuko.com/sep2018/,0,0,6,3,0%,0%,11.17,6.67
https://masayamuko.com/plnd_summer/,0,0,6,0,0%,0%,40.33,0
https://masayamuko.com/hige/,0,0,6,0,0%,0%,46.33,0
https://masayamuko.com/list100-2nd/,0,0,6,0,0%,0%,57.5,0
https://masayamuko.com/mainasu-purasu/,0,0,6,3,0%,0%,63.67,95.33
https://masayamuko.com/sabi-coke/#i,0,0,5,0,0%,0%,1.6,0
https://masayamuko.com/zuca-prokurolux-travel/#i-8,0,0,5,0,0%,0%,6.2,0
https://masayamuko.com/tate-bou/#i,0,0,5,0,0%,0%,8,0
https://masayamuko.com/nomad-ijyu/,0,0,5,0,0%,0%,47.2,0
https://masayamuko.com/tangatable/,0,0,5,0,0%,0%,82.8,0
https://masayamuko.com/australia-workingholiday30/,0,0,5,0,0%,0%,92.8,0
https://masayamuko.com/sabi-coke/#i-4,0,0,4,0,0%,0%,1,0
https://masayamuko.com/display-demelit/#USB_type-c,0,0,4,0,0%,0%,4.25,0
https://masayamuko.com/display-demelit/#i-4,0,0,4,0,0%,0%,4.25,0
https://masayamuko.com/languageexchange-fukuoka/#3,0,0,4,0,0%,0%,4.5,0
https://masayamuko.com/languageexchange-fukuoka/#Language_Exchange,0,0,4,0,0%,0%,4.5,0
https://masayamuko.com/languageexchange-fukuoka/#WAHAHA,0,0,4,0,0%,0%,4.5,0
https://masayamuko.com/languageexchange-fukuoka/#i,0,0,4,0,0%,0%,4.5,0
https://masayamuko.com/languageexchange-fukuoka/#i-2,0,0,4,0,0%,0%,4.5,0
https://masayamuko.com/languageexchange-fukuoka/#i-3,0,0,4,0,0%,0%,4.5,0
https://masayamuko.com/languageexchange-fukuoka/#i-4,0,0,4,0,0%,0%,4.5,0
https://masayamuko.com/picnic-otona/#i,0,0,4,0,0%,0%,5.25,0
https://masayamuko.com/picnic-otona/#i-10,0,0,4,0,0%,0%,5.25,0
https://masayamuko.com/picnic-otona/#i-2,0,0,4,0,0%,0%,5.25,0
https://masayamuko.com/picnic-otona/#i-3,0,0,4,0,0%,0%,5.25,0
https://masayamuko.com/picnic-otona/#i-5,0,0,4,0,0%,0%,5.25,0
https://masayamuko.com/picnic-otona/#i-8,0,0,4,0,0%,0%,5.25,0
https://masayamuko.com/picnic-otona/#i-9,0,0,4,0,0%,0%,5.25,0
https://masayamuko.com/asus-zenbeame1/#i,0,0,4,0,0%,0%,6.75,0
https://masayamuko.com/asus-zenbeame1/#i-2,0,0,4,0,0%,0%,6.75,0
https://masayamuko.com/asus-zenbeame1/#i-7,0,0,4,0,0%,0%,6.75,0
https://masayamuko.com/ie-gita/#YAMAHA,0,0,4,0,0%,0%,7,0
https://masayamuko.com/ie-gita/#i,0,0,4,0,0%,0%,7,0
https://masayamuko.com/ie-gita/#i-7,0,0,4,0,0%,0%,7,0
https://masayamuko.com/ktorahouse-rental2/,0,0,4,0,0%,0%,42.25,0
https://masayamuko.com/sabi-coke/#i-2,0,0,3,0,0%,0%,2,0
https://masayamuko.com/inakaiju-shippai/#i-2,0,0,3,0,0%,0%,3,0
https://masayamuko.com/inakaiju-shippai/#i-4,0,0,3,0,0%,0%,3,0
https://masayamuko.com/gr2-hokori/#GR2,0,0,3,0,0%,0%,3.33,0
https://masayamuko.com/gr2-hokori/#i-2,0,0,3,0,0%,0%,3.33,0
https://masayamuko.com/pc-rest/,0,0,3,2,0%,0%,3.33,4.5
https://masayamuko.com/ie-gita/#i-4,0,0,3,0,0%,0%,8,0
https://masayamuko.com/ie-gita/#i-6,0,0,3,0,0%,0%,8,0
https://masayamuko.com/polca-pank/,0,0,3,1,0%,0%,10,6
https://masayamuko.com/softbankhikari/,0,0,3,2,0%,0%,28,27.5
https://masayamuko.com/langpedia/,0,0,3,0,0%,0%,67.33,0
https://masayamuko.com/kakuteishinkoku/,0,0,3,0,0%,0%,77.67,0
https://masayamuko.com/bookscan-tips/#i,0,0,2,0,0%,0%,3,0
https://masayamuko.com/bookscan-tips/#i-2,0,0,2,0,0%,0%,3,0
https://masayamuko.com/bookscan-tips/#i-4,0,0,2,0,0%,0%,3,0
https://masayamuko.com/bookscan/#BOOKSCAN-2,0,0,2,0,0%,0%,3,0
https://masayamuko.com/bookscan/#Bookscan,0,0,2,0,0%,0%,3,0
https://masayamuko.com/gr2-hokori/#GH-3038,0,0,2,0,0%,0%,3,0
https://masayamuko.com/gr2-hokori/#PLND,0,0,2,0,0%,0%,3,0
https://masayamuko.com/inakaiju-shippai/#i,0,0,2,0,0%,0%,3.5,0
https://masayamuko.com/inakaiju-shippai/#i-3,0,0,2,0,0%,0%,3.5,0
https://masayamuko.com/fukuoka-shima/#No2,0,0,2,0,0%,0%,6,0
https://masayamuko.com/fukuoka-shima/#i,0,0,2,0,0%,0%,6,0
https://masayamuko.com/fukuoka-shima/#i-3,0,0,2,0,0%,0%,6,0
https://masayamuko.com/fukuoka-shima/#i-4,0,0,2,0,0%,0%,6,0
https://masayamuko.com/fukuoka-shima/#i-5,0,0,2,0,0%,0%,6,0
https://masayamuko.com/fukuoka-shima/#i-6,0,0,2,0,0%,0%,6,0
https://masayamuko.com/fukuoka-shima/#i-7,0,0,2,0,0%,0%,6,0
https://masayamuko.com/runba/#i,0,0,2,0,0%,0%,7,0
https://masayamuko.com/runba/#i-3,0,0,2,0,0%,0%,7,0
https://masayamuko.com/how-to-ebay/#eBay,0,0,2,0,0%,0%,9,0
https://masayamuko.com/how-to-ebay/#eBay-4,0,0,2,0,0%,0%,9,0
https://masayamuko.com/how-to-ebay/#eBayeBay,0,0,2,0,0%,0%,9,0
https://masayamuko.com/post-2035/#i,0,0,2,0,0%,0%,9.5,0
https://masayamuko.com/post-2035/#i-2,0,0,2,0,0%,0%,9.5,0
https://masayamuko.com/post-2035/#i-3,0,0,2,0,0%,0%,9.5,0
https://masayamuko.com/post-2035/#i-6,0,0,2,0,0%,0%,9.5,0
https://masayamuko.com/post-2035/#i-7,0,0,2,0,0%,0%,9.5,0
https://masayamuko.com/epos/,0,0,2,0,0%,0%,46,0
https://masayamuko.com/hhkb-bt/#HHKB_BT,0,0,1,0,0%,0%,1,0
https://masayamuko.com/hhkb-bt/#i-3,0,0,1,0,0%,0%,1,0
https://masayamuko.com/hhkb-bt/#i-4,0,0,1,0,0%,0%,1,0
https://masayamuko.com/hhkb-bt/#i-5,0,0,1,0,0%,0%,1,0
https://masayamuko.com/travel-free/#Couchsurfing_SNS,0,0,1,0,0%,0%,1,0
https://masayamuko.com/travel-free/#Go_Cambio,0,0,1,0,0%,0%,1,0
https://masayamuko.com/travel-free/#Pasporta_Servo,0,0,1,0,0%,0%,1,0
https://masayamuko.com/travel-free/#Servas_23,0,0,1,0,0%,0%,1,0
https://masayamuko.com/travel-free/#WWOOF,0,0,1,0,0%,0%,1,0
https://masayamuko.com/xt1-2018/#Fujifilm_X-T1,0,0,1,0,0%,0%,1,0
https://masayamuko.com/xt1-2018/#X-T2,0,0,1,0,0%,0%,1,0
https://masayamuko.com/xt1-2018/#i-2,0,0,1,0,0%,0%,1,0
https://masayamuko.com/xt1-2018/#i-3,0,0,1,0,0%,0%,1,0
https://masayamuko.com/kosupa-demerit/#i,0,0,1,0,0%,0%,2,0
https://masayamuko.com/kosupa-demerit/#i-2,0,0,1,0,0%,0%,2,0
https://masayamuko.com/kosupa-demerit/#i-4,0,0,1,0,0%,0%,2,0
https://masayamuko.com/blogger-matome/#3,0,0,1,0,0%,0%,3,0
https://masayamuko.com/blogger-matome/#i,0,0,1,0,0%,0%,3,0
https://masayamuko.com/blogger-matome/#i-10,0,0,1,0,0%,0%,3,0
https://masayamuko.com/blogger-matome/#i-2,0,0,1,0,0%,0%,3,0
https://masayamuko.com/friends-eigo/#i-11,0,0,1,0,0%,0%,4,0
https://masayamuko.com/friends-eigo/#i-2,0,0,1,0,0%,0%,4,0
https://masayamuko.com/korea-guesthouse/#i,0,0,1,0,0%,0%,4,0
https://masayamuko.com/korea-guesthouse/#i-7,0,0,1,0,0%,0%,4,0
https://masayamuko.com/salon/#i,0,0,1,0,0%,0%,4,0
https://masayamuko.com/salon/#i-2,0,0,1,0,0%,0%,4,0
https://masayamuko.com/teepee/#i-2,0,0,1,0,0%,0%,5,0
https://masayamuko.com/teepee/#i-4,0,0,1,0,0%,0%,5,0
https://masayamuko.com/teepee/#i-6,0,0,1,0,0%,0%,5,0
https://masayamuko.com/teepee/#i-7,0,0,1,0,0%,0%,5,0
https://masayamuko.com/teepee/#i-9,0,0,1,0,0%,0%,5,0
https://masayamuko.com/ozroo/#i,0,0,1,0,0%,0%,6,0
https://masayamuko.com/ozroo/#i-2,0,0,1,0,0%,0%,6,0
https://masayamuko.com/ozroo/#i-3,0,0,1,0,0%,0%,6,0
https://masayamuko.com/gurishen-cafe/#i,0,0,1,0,0%,0%,7,0
https://masayamuko.com/gurishen-cafe/#i-3,0,0,1,0,0%,0%,7,0
https://masayamuko.com/gurishen-cafe/#i-4,0,0,1,0,0%,0%,7,0
https://masayamuko.com/gurishen-cafe/#i-5,0,0,1,0,0%,0%,7,0
https://masayamuko.com/gurishen-cafe/#i-6,0,0,1,0,0%,0%,7,0
https://masayamuko.com/nounai/,0,0,1,0,0%,0%,9,0
https://masayamuko.com/3kyaku/#i,0,0,1,0,0%,0%,10,0
https://masayamuko.com/3kyaku/#i-4,0,0,1,0,0%,0%,10,0
https://masayamuko.com/fukuoka-meetup/,0,0,1,0,0%,0%,10,0
https://masayamuko.com/asus-zenbeame1/#i-8,0,0,1,0,0%,0%,11,0
https://masayamuko.com/hoshi-tx1/#i,0,0,1,0,0%,0%,11,0
https://masayamuko.com/hoshi-tx1/#i-5,0,0,1,0,0%,0%,11,0
https://masayamuko.com/henatatoo/#i,0,0,1,0,0%,0%,12,0
https://masayamuko.com/henatatoo/#i-2,0,0,1,0,0%,0%,12,0
https://masayamuko.com/henatatoo/#i-4,0,0,1,0,0%,0%,12,0
https://masayamuko.com/henatatoo/#i-5,0,0,1,0,0%,0%,12,0
https://masayamuko.com/birthday/,0,0,1,0,0%,0%,24,0
https://masayamuko.com/ningenkankei-hon/,0,0,1,0,0%,0%,32,0
https://masayamuko.com/bbq-enjoy/,0,0,1,0,0%,0%,82,0
https://masayamuko.com/hige_kikkake/,0,0,1,0,0%,0%,91,0